,Education,Teenhome,Recency,MntMeatProducts,MntGoldProds,NumDealsPurchases,NumWebPurchases,NumStorePurchases,Response,total_campanhas_passadas,duracao_cliente
0,2,0,58,546,88,3,8,4,1,0,3553
1,2,1,38,6,6,2,1,2,0,0,3003
2,2,0,26,127,42,1,8,10,0,0,3202
3,2,0,26,20,5,2,2,4,0,0,3029
4,4,0,94,118,15,5,5,6,0,0,3051
5,3,1,16,98,14,2,6,10,0,0,3183
6,2,1,34,164,27,4,7,7,0,0,3483
7,4,0,32,56,23,2,4,4,0,0,3307
8,4,0,19,24,2,1,3,2,1,0,3278
9,4,1,68,6,13,1,1,0,0,1,2998
11,1,0,59,11,16,1,2,3,0,0,3483
12,2,0,82,480,30,1,3,8,0,0,3116
13,3,1,53,53,14,3,6,5,0,0,3116
14,2,0,38,17,5,1,1,3,0,0,3517
15,4,0,23,115,45,1,7,12,1,1,3472
16,2,1,51,19,4,3,3,3,0,0,3442
17,2,0,20,38,28,2,4,6,0,0,3557
18,3,1,91,498,176,2,11,9,0,1,3348
19,0,0,86,19,39,2,2,3,0,0,3493
20,2,0,41,73,48,1,4,5,0,0,3580
21,2,0,42,1725,1,15,0,0,0,0,3429
22,4,1,63,86,19,3,2,9,0,1,3443
23,4,1,0,102,5,3,6,9,0,0,3059
24,2,1,69,27,99,7,7,5,0,0,3358
25,2,0,89,25,13,2,2,3,0,0,3433
26,2,1,4,30,41,4,5,4,0,0,3288
28,2,0,26,42,10,2,2,4,0,0,3284
29,4,0,96,801,0,1,6,10,0,0,3109
30,3,0,34,10,4,2,3,3,0,0,2928
31,3,0,56,44,89,1,2,3,0,0,3304
32,2,1,31,5,3,2,2,4,0,1,3517
33,4,2,8,96,43,6,4,6,1,0,3498
34,3,0,4,471,22,1,3,9,0,0,3384
35,3,1,55,19,3,1,2,3,0,0,3194
36,4,1,37,151,35,5,5,12,0,0,3070
37,0,0,76,14,36,3,3,2,0,0,3190
38,2,1,99,6,4,2,1,3,0,0,3028
39,4,0,53,206,42,2,7,5,1,1,3403
40,2,1,3,536,102,2,8,5,0,0,3316
41,3,0,88,29,7,2,2,3,0,0,3364
42,2,1,4,6,3,1,0,3,0,0,3442
44,3,0,19,10,12,3,2,3,0,0,3160
45,2,0,72,266,174,1,2,9,0,0,2891
46,0,0,24,14,50,3,3,3,1,0,3487
47,2,0,92,15,13,1,2,2,0,0,3291
49,4,1,39,317,38,9,5,12,0,0,3488
50,2,1,29,125,14,1,4,10,0,0,2938
51,3,0,2,780,32,1,6,13,0,0,3577
52,2,0,54,20,3,2,2,3,0,0,3433
53,2,0,54,550,241,1,4,7,1,2,2912
54,2,1,57,124,109,7,4,10,0,0,3272
55,3,0,55,432,190,1,3,13,1,0,3477
56,2,0,30,482,40,1,5,10,1,0,3343
57,2,0,31,8,5,1,1,4,0,0,2952
59,4,1,63,28,43,3,8,6,0,0,3008
60,3,0,12,538,80,1,3,11,1,1,3250
61,2,1,18,102,6,4,4,12,0,0,3550
62,2,1,26,134,169,4,8,10,0,0,3386
63,4,1,8,48,6,1,7,8,0,0,3273
64,2,0,29,367,30,1,7,4,0,0,3095
65,2,0,75,6,15,1,1,2,1,0,3294
66,2,1,0,1,0,1,1,2,0,0,2939
67,0,1,19,309,38,1,11,10,1,2,2992
68,2,1,4,159,109,1,5,10,0,0,3165
69,2,2,90,487,73,7,2,5,0,0,3337
70,3,0,1,460,12,3,4,6,0,0,3546
72,2,1,29,291,86,4,10,13,0,0,3359
73,4,1,88,65,19,5,9,8,0,1,3340
74,2,0,58,13,9,1,2,4,0,0,2950
75,2,0,68,6,1,1,1,2,0,0,3447
76,3,0,34,925,18,1,7,5,1,0,3561
77,2,0,40,779,51,0,5,9,1,1,3515
78,0,0,12,5,9,1,0,3,0,0,3188
79,2,0,9,64,51,2,10,8,1,1,3433
80,2,0,87,68,17,4,3,4,0,0,3559
81,2,0,5,5,4,1,1,2,0,0,3261
82,0,0,87,19,23,3,3,3,0,0,3251
83,3,0,56,44,89,1,2,3,0,0,3304
84,2,0,18,424,76,1,3,13,0,0,3014
85,2,1,95,14,3,2,1,4,0,0,3212
86,3,1,48,16,5,5,3,4,0,1,3238
87,2,1,3,37,34,4,6,6,1,2,2922
88,2,0,70,568,145,1,5,7,0,0,2938
89,2,1,79,39,7,1,2,5,0,0,3049
93,3,0,69,10,4,1,1,3,0,0,2988
94,4,0,84,14,0,3,3,3,0,0,2926
95,2,0,30,11,9,1,2,3,0,0,2928
96,2,1,72,26,75,5,7,6,0,1,3474
97,2,1,37,7,2,2,2,3,0,0,3334
98,0,0,44,447,223,1,5,12,0,1,3100
99,4,0,32,92,11,2,5,7,0,0,3264
100,0,1,0,5,10,2,2,3,0,0,3231
101,4,1,43,6,5,2,2,3,0,0,2981
102,2,1,59,183,111,2,9,11,0,0,3325
103,4,0,68,276,81,1,6,6,0,0,3298
104,2,0,35,690,38,1,3,5,1,0,2942
105,1,0,94,6,9,1,1,3,0,0,3091
106,2,1,15,32,7,4,4,4,0,0,3168
107,2,2,56,271,65,4,6,12,0,0,3402
108,2,0,17,31,27,2,3,3,0,0,3447
109,3,0,18,106,43,1,5,4,0,0,3459
110,2,1,46,292,79,1,6,11,0,0,3129
111,4,0,40,311,86,1,7,5,1,1,3486
112,3,1,27,21,60,3,8,8,0,1,2894
113,2,0,95,125,22,1,6,11,1,1,3433
114,4,0,19,101,72,5,6,6,0,0,3454
115,2,1,27,21,27,2,2,3,0,0,3182
116,2,0,25,812,33,0,4,5,0,1,3046
117,0,0,74,94,120,5,9,5,0,0,3385
118,0,1,85,25,30,2,1,3,0,0,3243
119,2,0,37,7,3,2,2,3,0,0,3117
120,3,1,65,133,48,4,6,10,0,0,3264
121,3,0,13,29,10,3,2,3,1,0,3015
122,3,0,63,7,7,2,1,3,0,0,3188
123,2,0,83,14,2,1,1,3,0,0,3323
124,2,0,69,102,168,0,6,13,1,2,3364
125,0,0,87,124,172,2,3,7,0,0,3386
126,2,0,37,951,216,1,3,6,1,0,3324
127,3,1,51,16,4,2,2,4,0,0,2911
129,4,1,72,110,12,4,6,10,0,0,2940
130,2,1,10,73,58,5,5,5,0,0,3162
132,2,0,10,189,130,1,7,9,0,0,3029
134,4,1,51,33,23,5,5,5,0,0,3209
135,4,0,21,590,0,1,4,13,0,1,3359
136,1,0,31,3,9,2,1,3,0,0,3580
137,4,1,61,34,16,3,2,2,0,0,3247
139,4,1,74,12,4,2,2,3,0,0,3226
140,3,0,46,921,20,1,5,12,0,0,3508
141,3,1,4,232,50,2,3,7,1,0,3117
142,2,0,73,756,126,1,5,10,0,0,3326
143,4,1,47,132,33,3,8,9,0,0,3195
144,2,0,13,41,116,3,4,3,0,0,3357
145,2,2,36,141,49,3,3,6,0,0,3509
146,2,0,47,18,16,1,2,3,1,0,3499
147,2,0,49,10,4,1,1,2,0,0,3195
148,0,1,94,90,32,7,4,4,0,0,3566
149,3,0,65,29,8,1,2,4,0,0,2898
150,3,2,59,78,13,1,4,7,0,0,2956
151,2,1,96,48,13,4,8,6,0,1,3004
152,0,1,28,57,91,4,7,5,0,0,3452
154,4,1,57,57,76,2,8,11,0,0,3518
155,2,0,10,269,42,1,10,6,1,1,3385
156,2,1,4,69,3,3,6,5,0,0,3246
157,2,2,49,7,0,1,0,3,0,0,3180
158,2,1,3,57,14,1,1,6,0,0,3145
159,2,0,64,387,57,1,3,10,0,0,3203
160,3,1,0,3,5,1,1,2,0,0,3253
161,4,0,20,249,33,2,10,9,0,0,3491
162,2,0,91,49,5,4,3,4,0,0,3065
163,4,0,9,240,12,1,5,10,0,0,3314
164,4,1,98,1582,1,15,0,0,0,0,3010
165,2,1,83,32,28,3,2,4,0,0,3118
166,2,0,27,98,27,1,6,4,0,1,3113
167,2,0,63,33,2,1,3,6,0,1,3195
168,2,0,46,305,124,1,3,7,0,0,3129
169,2,1,84,19,20,3,2,3,0,0,3014
170,2,1,58,10,7,2,1,3,0,0,2959
171,2,0,78,6,16,2,2,3,0,0,3241
172,2,0,4,24,27,1,3,3,0,0,2959
173,4,1,17,6,6,2,2,3,0,0,3040
174,2,1,77,12,48,1,2,2,0,1,2976
175,4,1,56,449,26,1,11,8,0,0,3545
176,4,0,79,119,111,1,9,5,1,2,3450
177,4,1,90,14,2,2,2,3,0,0,2927
178,2,1,96,5,1,1,0,3,0,0,2895
179,0,0,44,447,223,1,5,12,0,1,3100
180,4,1,81,22,7,1,4,4,0,0,2939
181,0,0,77,10,9,3,2,3,0,0,2940
182,3,0,21,195,141,1,6,13,0,0,3164
183,3,0,16,6,12,1,1,3,0,0,3048
184,1,0,80,7,10,1,2,3,0,0,2904
185,2,0,45,18,7,1,1,2,0,0,3461
186,4,1,63,2,2,2,1,4,0,0,3003
187,2,1,34,107,117,2,7,8,0,0,3221
188,2,0,14,537,15,1,4,9,0,0,3357
189,4,1,13,18,4,2,2,3,0,0,3381
190,1,0,52,10,36,1,1,2,0,1,3548
191,4,0,98,432,102,1,8,12,0,0,3298
192,0,0,99,8,25,1,2,2,0,0,3166
193,2,0,93,21,22,2,3,3,0,0,3285
194,2,1,38,45,12,4,5,6,0,0,3386
195,2,1,24,10,7,2,1,2,0,0,3072
196,3,0,80,106,8,1,7,12,0,0,2937
197,2,0,82,813,51,1,4,6,0,0,3173
198,2,0,20,482,172,1,5,5,0,0,3418
199,4,1,81,79,79,6,5,3,1,1,2980
200,2,1,50,34,39,3,8,7,0,1,2890
201,2,0,60,553,92,1,4,9,0,0,3092
202,2,1,63,337,54,3,11,9,0,0,3148
203,4,0,54,138,58,0,7,10,1,2,3494
204,4,1,72,13,3,2,1,3,0,0,3237
205,3,0,5,1,15,1,0,2,1,1,3486
206,2,0,88,13,14,1,1,3,0,1,3093
207,3,1,50,113,21,6,4,5,0,0,3302
208,2,1,99,7,4,1,2,3,0,0,2911
209,2,1,17,320,192,5,11,9,1,1,3547
210,2,1,11,68,8,5,3,6,0,0,3345
211,2,0,18,319,12,1,4,9,0,0,2993
212,4,1,70,30,10,8,5,5,0,0,3522
213,3,1,21,59,44,10,7,8,0,0,3414
214,2,0,66,554,54,1,3,9,0,0,3311
215,2,0,79,171,89,6,8,5,0,0,2979
216,0,1,2,4,1,1,1,2,0,0,2938
217,3,0,81,417,16,1,8,6,0,1,3116
218,3,1,24,33,66,2,4,5,0,0,3192
219,2,0,48,162,43,2,11,11,0,0,3482
220,0,0,93,25,18,1,1,4,0,0,2969
221,2,0,56,540,10,1,3,7,0,0,3117
222,4,2,3,154,14,2,6,11,0,0,2966
223,4,0,44,25,3,4,4,4,0,0,3430
224,2,1,38,207,92,5,9,12,0,0,3549
225,2,0,46,16,39,4,3,4,0,0,3350
226,2,1,84,79,182,2,8,4,0,0,3502
227,2,1,27,204,92,3,2,11,0,0,3457
228,4,0,72,740,17,1,3,8,0,0,3580
229,4,0,66,9,0,1,1,2,0,0,3023
230,2,1,30,137,39,9,5,8,1,0,3356
231,0,1,2,184,27,1,6,4,0,0,3430
232,2,0,65,8,3,1,1,2,0,0,3300
233,2,0,37,5,4,1,1,3,0,0,2964
234,4,1,89,464,32,3,7,11,0,0,3353
235,0,0,49,20,21,2,2,4,0,0,3092
236,3,0,46,4,1,1,1,3,0,0,3097
237,4,1,32,124,11,1,5,11,0,0,3158
238,2,0,54,10,20,4,3,3,0,0,3075
239,0,1,23,5,2,1,1,2,0,0,2933
240,2,0,98,757,20,1,6,10,0,1,3134
241,2,1,97,276,38,2,6,4,0,0,3443
242,2,0,75,7,1,1,2,2,0,0,3223
243,2,0,8,503,181,1,3,9,1,1,3103
244,2,1,37,133,152,7,11,8,0,0,3571
245,4,1,31,5,1,2,1,3,0,0,2914
246,2,0,40,272,80,2,5,6,1,2,3295
247,2,1,74,179,77,2,9,6,0,0,3426
248,4,0,90,768,172,1,4,5,0,0,3557
249,3,1,57,183,70,4,9,6,0,0,3498
250,3,0,59,25,13,2,2,3,0,0,3176
251,2,0,52,7,11,2,1,3,0,0,3135
252,2,0,5,444,148,1,6,13,1,4,3340
253,0,0,92,52,25,2,3,5,0,0,3535
254,2,1,77,353,30,5,4,11,0,0,3559
255,4,0,35,8,1,2,1,3,0,0,3514
256,4,1,48,118,21,3,8,5,0,1,3511
257,2,1,97,87,12,4,3,7,0,0,3505
258,2,1,95,2,10,4,2,4,0,0,3280
259,4,1,24,4,2,1,1,2,0,0,3093
260,2,0,60,8,13,2,1,2,1,1,3517
261,4,2,46,215,24,3,10,10,0,0,3293
262,3,0,85,62,7,4,4,6,0,0,2902
263,4,0,31,6,5,1,1,2,0,0,3473
264,3,1,9,71,20,6,5,4,1,0,3401
265,3,1,30,22,20,4,3,3,0,0,3362
266,2,0,47,398,241,1,3,8,0,1,2893
267,4,1,70,35,69,4,3,2,1,1,3512
268,2,0,13,298,116,1,3,6,0,0,3265
269,2,0,11,19,21,2,2,2,0,0,3158
270,2,0,31,499,146,2,3,5,1,0,3535
271,3,0,15,23,6,3,3,4,0,0,2991
272,4,1,2,43,13,2,4,4,0,0,3035
273,2,1,55,14,4,4,2,4,0,0,2974
274,2,1,38,40,10,3,2,4,0,0,3398
275,4,1,86,99,7,2,6,12,0,0,3176
276,2,0,56,224,162,2,7,10,1,0,3418
277,3,0,29,396,15,1,3,5,0,0,2950
278,4,0,30,512,54,1,3,8,1,1,3343
279,3,1,64,100,131,1,9,9,0,0,3324
280,1,0,46,9,17,3,3,4,0,0,3393
281,2,1,84,79,182,2,8,4,0,0,3502
282,2,0,20,38,28,2,4,6,0,0,3557
283,4,1,74,149,66,1,5,8,0,0,3010
284,3,1,18,8,3,2,2,3,0,0,2963
285,2,0,75,20,20,1,3,2,0,0,3242
286,2,0,17,230,74,1,6,13,0,0,3406
287,3,1,88,242,135,13,6,12,0,0,3427
288,2,0,19,565,28,1,5,5,0,0,2938
289,3,0,62,81,51,3,7,5,0,0,3271
290,0,0,11,5,12,1,1,3,0,1,3250
291,2,0,74,56,14,3,3,3,0,0,3074
292,2,0,32,573,203,1,2,9,0,0,3496
293,2,0,76,22,13,3,3,3,0,0,3055
294,2,1,6,3,8,1,0,3,0,0,3364
295,3,1,62,80,40,3,3,11,0,3,3565
296,0,0,20,7,8,1,1,3,0,0,3369
297,3,0,43,16,11,1,3,3,0,0,3422
298,2,0,45,263,38,1,2,6,0,0,3423
299,4,1,34,80,35,5,8,12,0,1,2994
300,2,1,53,12,10,4,3,3,0,0,2964
301,0,1,44,154,28,1,9,9,0,0,3150
302,4,0,89,46,0,1,2,3,0,0,3010
303,2,0,43,93,52,3,5,4,0,0,2967
304,2,0,68,21,25,3,3,3,0,0,3074
305,3,0,44,112,63,1,6,9,0,1,3348
306,2,0,64,25,15,1,3,3,1,0,3539
307,2,0,85,400,11,1,2,10,0,0,3006
308,3,1,93,27,10,1,8,6,0,1,3182
309,3,0,12,46,15,1,4,4,0,0,3318
310,2,0,86,14,17,4,3,3,0,0,3052
311,2,1,28,8,2,2,2,3,0,0,3134
313,3,0,42,561,14,1,6,10,0,0,3398
314,2,1,13,28,17,6,3,6,0,0,3084
315,3,1,86,7,1,2,2,3,0,0,3000
316,2,1,59,21,27,2,3,3,0,0,3225
317,2,0,30,128,50,2,4,6,0,0,3574
318,2,1,33,7,6,2,1,3,0,0,3238
320,2,1,23,119,77,3,3,12,0,0,3418
321,2,0,81,7,9,1,1,2,0,0,3253
322,4,1,6,3,1,1,1,2,0,0,3030
323,4,1,41,353,73,5,10,5,0,0,3397
324,2,1,78,118,41,6,8,8,0,0,3424
325,2,0,49,275,126,1,4,5,0,0,3249
326,4,0,39,28,9,3,2,4,0,0,3252
327,2,0,3,11,2,1,1,3,0,0,3124
328,4,1,37,5,0,1,1,3,0,0,3306
329,4,0,22,59,11,4,3,4,0,0,3391
330,2,0,79,6,4,1,1,2,0,0,3329
331,4,0,46,15,6,1,1,3,0,0,3181
332,4,1,82,218,23,2,9,5,1,0,3342
333,3,0,10,13,18,1,1,2,1,1,3425
334,2,0,51,9,8,2,2,3,0,0,3254
335,2,2,38,247,139,1,4,12,0,0,3545
336,2,0,10,293,30,1,11,6,1,2,3460
337,2,0,14,16,21,1,1,3,0,0,3484
338,2,0,18,570,122,1,7,8,1,0,3373
339,4,0,36,562,224,1,4,4,0,0,3166
340,2,0,95,832,38,1,4,11,0,0,3578
341,2,0,11,38,18,1,2,4,0,0,3094
342,4,1,65,45,34,3,4,11,0,3,3473
343,4,1,71,68,14,2,3,8,0,0,3271
344,1,0,13,7,3,1,1,2,1,1,3208
345,2,0,58,204,173,1,2,4,0,0,3121
346,2,1,65,9,3,2,1,3,0,0,3261
347,2,0,0,379,218,1,4,6,1,0,2903
348,2,1,33,12,7,3,2,3,0,0,3441
349,3,0,90,3,4,1,1,2,0,1,3067
350,2,1,95,255,8,4,6,9,0,0,3084
351,2,0,93,455,93,2,8,8,0,1,3425
352,4,0,38,514,0,3,4,5,1,0,3134
353,2,0,18,410,22,1,3,10,0,0,3500
354,4,1,57,217,12,5,11,5,0,0,3444
355,2,1,45,14,10,2,2,3,0,0,3102
356,2,1,61,11,10,1,2,4,0,1,3304
357,4,0,6,785,48,1,3,8,0,0,3454
358,3,0,65,177,8,1,5,5,0,0,3203
359,4,2,52,69,38,2,4,4,0,0,3154
360,2,0,87,818,61,1,4,10,0,1,3529
361,4,1,38,83,41,3,6,10,0,0,2989
362,2,0,53,10,6,3,2,4,0,0,3015
363,4,0,31,6,5,1,1,2,0,0,3473
364,2,1,67,160,65,7,6,6,0,0,3438
365,2,1,65,92,142,2,6,9,0,0,3567
366,2,0,64,815,29,1,4,11,0,0,3298
367,2,0,82,20,9,2,2,3,0,0,3360
368,2,0,27,549,233,1,4,8,0,0,3479
369,4,1,63,142,38,2,2,8,0,0,3465
370,0,0,66,7,3,1,1,3,0,0,2958
371,2,1,69,45,38,6,5,4,0,0,3499
372,3,0,52,6,11,1,1,2,0,1,3194
373,2,1,45,253,101,4,4,12,0,1,3485
374,4,1,2,22,3,3,3,3,1,0,3262
375,3,1,86,27,36,4,3,2,0,0,3570
376,2,0,23,15,39,1,1,2,1,1,3358
377,2,0,13,14,1,1,1,3,0,0,3436
378,4,1,14,97,157,2,3,10,0,0,3160
379,2,0,92,13,12,1,1,3,0,0,3270
380,4,0,38,5,1,1,1,2,0,0,3427
381,2,0,74,5,6,1,0,3,0,0,3117
382,2,0,14,96,55,3,4,6,0,0,3454
383,0,1,94,90,32,7,4,4,0,0,3566
384,3,0,33,1,6,1,0,2,0,0,2981
385,2,0,32,7,13,3,1,2,0,0,3300
386,3,1,11,53,107,3,7,4,1,1,3146
387,2,1,78,142,159,4,4,13,0,0,3522
388,2,1,56,11,23,1,2,3,0,0,3558
389,4,1,57,151,86,3,2,12,0,0,3307
390,2,0,7,786,57,0,5,8,0,0,3067
391,3,0,0,61,4,2,3,6,0,0,3092
392,2,0,66,335,81,1,5,6,0,0,2946
393,4,0,86,63,24,1,4,4,0,0,3327
394,3,1,80,113,78,3,5,12,0,0,3014
395,4,0,56,505,45,1,4,10,0,0,3156
396,2,1,18,42,32,4,3,4,0,0,3542
397,2,0,51,16,19,2,1,2,1,0,3557
398,2,0,71,6,5,1,1,3,0,0,3442
399,0,0,71,9,35,4,2,3,1,0,3487
400,0,1,80,25,7,4,2,3,0,0,3353
401,2,0,2,125,21,1,9,9,0,0,3530
402,2,1,83,61,19,5,2,5,0,0,3208
403,2,0,29,74,110,1,5,4,0,0,3365
404,4,2,11,26,4,9,6,6,1,1,3140
405,2,1,55,11,2,1,1,3,0,0,2910
406,4,0,19,26,3,3,2,4,1,0,3558
407,4,1,1,80,10,3,5,5,0,0,2920
408,4,0,19,24,2,1,3,2,0,0,3278
409,2,2,28,92,4,3,7,8,0,0,3510
410,0,0,76,11,32,2,3,3,1,0,3479
411,2,1,50,221,26,4,4,6,0,0,3487
412,4,1,1,204,14,3,11,12,0,1,3346
413,2,0,90,54,6,3,5,7,0,0,3566
414,2,1,83,309,125,2,5,8,0,0,3412
415,4,0,73,591,12,1,3,10,0,0,2980
416,0,0,24,9,28,3,2,3,0,1,3111
417,2,0,11,282,26,1,2,11,0,4,3025
418,2,0,33,108,114,1,7,9,1,1,3382
419,3,1,4,100,28,9,10,8,0,0,3371
420,4,0,14,19,3,2,2,3,0,0,2944
421,2,0,30,11,9,1,2,3,0,0,2928
422,3,0,75,2,1,1,1,2,0,0,2914
423,3,0,26,103,68,1,3,8,1,1,3280
424,4,0,77,716,21,0,7,5,0,0,3332
425,2,2,8,7,1,1,1,2,0,0,3097
426,2,0,42,792,33,1,6,13,0,2,2956
427,2,0,28,297,57,2,2,10,0,2,2975
428,0,0,52,11,12,2,1,4,0,0,2946
429,2,1,1,189,172,2,5,12,0,0,3320
430,4,0,1,349,16,1,2,9,1,4,3306
431,2,0,42,235,191,5,8,7,0,0,3498
432,0,1,76,181,95,15,9,9,0,0,3412
433,2,1,27,400,114,1,8,13,0,0,3106
434,2,0,28,22,5,2,1,4,0,0,3037
435,3,1,49,7,6,1,1,3,0,0,3263
436,2,1,12,271,14,3,6,12,0,0,3080
437,3,1,14,35,22,2,9,5,0,0,3185
438,4,0,89,15,5,3,2,4,0,0,3201
439,0,0,96,5,9,2,2,3,0,0,3397
440,2,0,56,13,4,1,1,3,0,0,3250
441,4,1,72,31,4,2,2,5,0,0,3081
442,2,0,14,2,1,1,0,3,0,0,3217
443,2,0,13,14,1,1,1,3,0,0,3436
444,0,0,99,3,12,1,1,3,0,0,2994
445,2,0,72,1,5,1,1,2,0,0,3241
446,3,0,92,74,10,2,5,4,0,0,3153
447,2,0,87,537,37,1,4,7,0,2,3072
448,2,0,7,11,5,2,2,3,0,0,3275
449,4,1,91,82,35,2,3,9,0,0,3079
450,2,1,71,322,33,5,4,11,0,0,3313
451,2,1,24,161,37,3,8,7,0,0,3388
452,3,0,17,30,3,1,2,4,0,0,3145
453,0,1,87,106,23,2,4,8,0,0,3100
454,2,1,21,364,9,3,9,10,0,0,3550
455,2,2,90,103,42,7,5,6,0,0,3568
456,0,0,44,974,64,1,7,9,1,2,3542
457,3,0,71,72,46,4,4,5,1,1,3344
458,2,1,52,60,5,2,2,8,0,0,2925
459,0,0,78,447,32,1,5,6,0,0,3532
460,2,1,2,257,66,4,2,8,1,1,3069
461,2,0,60,253,122,1,3,11,0,0,3170
462,4,1,25,6,14,2,3,3,0,0,3042
463,2,0,47,398,241,1,3,8,0,1,2893
464,2,0,46,39,37,2,4,3,0,0,3015
465,4,0,83,420,0,1,2,9,0,0,3008
466,4,0,17,413,17,1,5,5,1,1,3322
467,2,0,13,5,3,1,1,2,0,0,3496
468,2,2,86,127,5,3,7,8,0,0,3005
469,4,0,92,166,58,3,7,12,0,0,3573
470,2,1,47,384,89,4,6,13,0,0,3349
471,2,0,18,8,3,1,1,2,1,0,3152
472,4,0,81,125,8,7,8,9,1,1,3584
473,2,1,91,13,4,2,1,3,0,0,3433
474,2,0,58,6,9,1,1,2,0,0,2932
475,2,1,40,193,117,4,8,11,0,0,3386
476,4,1,67,4,2,2,1,3,0,0,2941
477,3,1,19,39,24,1,7,8,0,0,2927
478,4,1,93,39,92,4,6,7,0,0,3504
479,2,0,41,84,119,7,7,4,0,0,3496
480,3,0,60,19,24,1,2,2,0,0,3071
481,3,0,54,13,0,1,2,3,0,0,3212
482,2,0,26,35,72,2,6,2,1,1,3569
483,2,1,30,44,5,4,4,5,0,0,3132
484,3,0,93,100,18,1,5,4,0,0,3517
485,4,0,35,114,18,1,5,13,1,0,3543
486,3,1,4,232,50,2,3,7,0,0,3117
487,2,1,92,109,90,2,7,10,0,0,3258
488,2,0,24,5,1,1,1,3,0,0,3044
489,0,0,96,108,14,1,4,4,0,0,3499
490,4,1,11,594,134,2,2,12,0,0,3533
491,2,0,99,88,14,2,6,5,0,0,3463
492,2,0,72,389,40,1,3,13,0,1,3382
493,3,1,77,69,130,4,2,3,0,0,3423
494,4,0,85,131,26,1,9,6,0,1,3104
495,3,1,88,265,12,3,5,11,0,0,3332
496,2,1,22,9,2,1,2,3,0,0,2975
497,4,1,83,322,17,1,4,4,0,0,3324
498,4,1,63,356,0,3,6,11,0,0,2928
499,2,0,9,218,21,1,4,13,0,0,3342
500,2,1,92,21,24,2,1,2,0,0,3582
501,3,1,2,4,0,1,1,3,0,0,3116
502,1,0,6,21,108,1,4,3,0,0,3437
503,4,0,66,140,153,2,4,12,0,0,3564
504,3,1,49,7,6,1,1,3,0,0,3263
505,2,0,29,239,108,2,10,12,0,0,3489
506,2,1,77,387,29,1,5,8,0,0,3099
507,2,0,77,324,84,1,3,11,0,0,3235
508,2,0,71,66,20,1,2,4,0,0,3263
509,2,1,49,65,59,6,5,12,0,0,3450
510,4,0,97,56,31,3,4,3,0,1,3290
511,2,1,6,300,91,1,6,12,0,0,3348
512,2,2,93,68,6,3,6,5,0,1,3142
513,3,0,78,408,55,1,5,7,0,0,2994
514,4,1,62,55,52,4,6,5,0,0,3304
515,3,0,47,613,27,1,5,9,0,0,3331
516,2,1,9,46,20,4,3,3,0,0,3401
517,2,0,77,9,11,1,1,3,0,0,3254
518,2,0,24,389,75,1,4,7,0,0,3200
519,3,0,19,670,0,1,6,10,0,1,3010
520,2,1,67,12,10,2,2,3,0,0,3043
521,3,0,95,351,175,1,2,6,0,1,3010
522,2,0,48,64,58,1,5,6,0,0,3207
523,2,0,73,216,66,1,2,9,0,1,3527
524,2,0,35,64,85,3,2,3,1,0,3549
525,2,0,76,15,2,1,1,3,0,0,3462
526,4,0,20,319,12,1,4,10,0,0,3104
527,3,0,72,153,35,1,4,6,0,0,2911
528,2,0,20,379,120,1,4,4,0,0,3576
529,4,1,69,67,71,6,4,8,0,0,3128
530,0,1,80,83,61,4,4,8,0,0,3389
531,2,1,65,260,54,1,4,5,0,0,3174
532,3,1,52,24,9,7,8,6,0,1,2901
533,2,1,65,92,38,2,3,5,0,0,3321
534,2,0,57,22,6,2,2,3,0,0,3267
535,3,1,70,112,15,4,6,5,0,0,3334
536,2,1,0,11,7,1,2,3,0,0,3052
537,2,0,19,292,30,1,8,4,1,0,3024
538,0,1,50,32,6,2,2,7,0,0,3215
539,3,0,67,19,26,3,3,3,0,0,3078
540,0,0,46,8,22,3,3,3,0,0,3124
541,2,1,37,83,19,2,4,4,0,0,3582
542,4,0,38,42,102,2,4,3,0,0,3468
543,4,0,9,403,0,1,7,6,1,1,3216
544,2,1,56,252,54,2,4,8,0,0,3280
545,0,0,98,10,6,2,2,4,0,0,3003
546,2,0,68,925,46,1,3,4,1,0,3063
547,2,0,72,43,10,1,3,4,0,0,3098
548,2,1,47,21,28,4,3,2,1,1,3044
549,3,1,33,3,1,2,1,3,0,0,2982
550,0,1,87,10,18,2,1,3,0,0,2980
551,2,0,0,24,34,2,3,2,1,1,2972
552,4,1,73,24,34,2,6,8,0,0,3032
553,2,0,74,47,42,1,3,2,0,0,3327
554,3,0,4,520,47,1,3,13,1,0,3125
555,2,1,50,97,15,6,4,5,0,0,3545
556,4,0,57,137,118,2,6,11,0,0,3375
557,2,0,30,761,111,1,5,7,0,0,3340
558,0,0,27,13,17,2,2,4,0,0,3220
559,2,1,61,287,33,1,5,4,1,4,3293
560,2,0,4,12,12,1,2,4,0,0,3183
561,2,0,75,940,38,0,6,7,0,0,3268
562,3,1,12,132,37,2,8,13,0,0,3259
563,0,1,13,259,83,5,6,12,0,0,3055
564,4,1,9,81,24,3,3,7,0,0,3126
565,4,1,48,29,40,2,3,5,0,0,2912
566,2,1,80,161,42,4,4,9,0,0,3461
567,3,1,60,2,1,1,1,2,0,0,3185
568,2,1,43,3,4,1,1,2,0,0,3249
569,2,1,19,4,1,1,1,2,0,0,3459
570,2,1,26,106,106,5,5,5,0,0,3545
571,4,1,58,5,1,2,1,3,0,0,3043
572,0,0,42,49,24,3,4,3,0,0,3179
573,4,1,27,44,20,1,5,5,0,0,3222
574,3,0,56,25,0,2,2,3,0,0,3160
575,4,1,27,144,24,3,6,8,1,4,3404
576,2,1,10,22,30,3,4,3,0,0,2979
577,2,1,48,17,7,4,3,3,0,0,3200
578,4,1,39,11,8,2,2,4,0,0,3176
579,3,1,85,46,4,6,4,4,0,0,3245
580,4,1,64,10,2,5,3,6,0,1,3486
581,2,1,69,27,99,7,7,5,0,0,3358
582,0,1,54,16,10,1,1,3,0,0,3142
583,3,0,57,23,52,1,2,3,0,0,3330
584,2,0,64,7,2,2,2,3,0,0,2977
585,0,1,10,13,9,4,2,4,0,0,2962
586,2,0,65,530,224,1,5,5,1,2,3534
587,3,1,74,188,11,2,4,10,0,0,3178
588,2,1,4,30,30,3,7,7,0,1,2933
589,2,0,94,9,22,1,1,3,0,0,3203
590,4,0,41,35,17,2,2,2,1,0,3515
591,3,0,25,797,20,0,5,5,1,1,3454
592,3,0,94,635,165,1,3,9,0,0,3121
593,2,0,9,2,16,1,1,3,0,0,3040
594,4,0,47,168,0,1,3,7,0,0,3181
595,3,0,12,16,30,3,3,2,1,0,3173
596,2,0,80,18,13,1,2,3,0,0,3501
597,3,1,20,9,2,2,1,3,0,0,3143
598,0,0,39,15,15,3,2,3,0,0,3280
599,2,0,57,31,4,3,3,4,0,0,3571
600,2,1,27,2,4,1,1,3,0,0,3383
601,2,1,83,135,99,3,5,12,0,0,3557
602,2,0,79,519,54,1,3,9,0,0,3175
603,4,2,69,114,49,3,5,10,0,0,3457
604,3,1,77,26,14,4,3,3,0,0,3409
605,3,0,15,46,64,4,5,2,1,0,3437
606,2,1,99,6,4,2,1,3,0,0,3028
607,2,1,61,13,1,1,1,3,0,0,3365
608,1,1,23,5,11,2,1,3,0,0,3501
609,2,0,84,592,22,1,6,7,0,1,2943
610,3,0,74,76,40,2,3,6,0,0,3204
611,3,0,90,53,10,1,3,7,0,0,3236
612,1,0,41,1,15,1,1,3,0,0,3455
613,2,1,28,8,2,2,2,3,0,0,3134
614,4,0,73,248,41,3,6,13,1,0,3487
615,2,1,88,87,24,5,6,5,0,0,3228
616,3,1,94,5,3,2,1,3,0,0,3309
617,4,1,31,16,2,0,0,1,0,0,3281
618,2,1,31,10,10,1,1,3,0,0,3358
619,3,1,6,83,26,5,1,9,0,0,3571
620,4,1,23,27,15,3,6,7,0,0,3243
621,2,0,92,12,32,1,2,2,0,0,3240
622,2,0,52,169,35,1,4,6,0,1,3001
623,0,0,50,11,2,1,1,3,0,0,3073
624,0,0,54,323,107,1,6,6,0,1,3281
625,2,0,93,15,6,2,2,3,0,0,3415
626,2,1,56,507,190,1,8,7,0,0,3281
627,2,1,28,572,17,7,11,5,1,0,3536
628,4,1,94,33,8,3,3,3,0,0,3551
629,2,0,76,129,3,3,4,4,0,0,3448
630,4,0,43,199,30,2,7,13,0,0,3112
631,4,0,46,207,54,1,3,6,0,0,2906
632,0,1,13,259,83,5,6,12,0,0,3055
633,0,0,27,15,30,1,2,3,1,1,3024
634,2,0,12,732,79,1,6,7,1,0,3327
635,2,1,3,1,1,1,1,2,0,0,3001
636,2,0,72,713,163,1,9,11,0,0,3280
637,2,1,6,69,48,1,4,7,0,0,3427
638,3,1,53,279,69,5,8,9,1,0,3529
639,2,1,58,250,73,2,6,8,0,1,3125
640,2,1,78,142,159,4,4,13,0,0,3522
641,4,0,57,653,26,1,5,6,0,0,2937
642,4,1,37,102,25,4,9,6,0,0,3436
643,2,1,20,27,144,2,5,4,0,1,3308
644,3,0,73,758,147,1,4,6,1,1,3366
645,4,1,56,40,11,7,3,6,0,0,3205
646,2,0,36,104,207,0,9,13,1,1,3414
647,3,0,9,73,19,1,3,6,0,0,3088
648,3,1,42,152,50,3,7,12,0,0,2927
649,2,1,28,62,146,2,7,7,0,0,3176
650,3,0,23,711,38,0,4,9,0,1,3022
651,2,0,38,17,6,2,1,3,0,0,3561
652,2,1,63,217,11,5,9,12,0,0,3576
653,4,1,71,25,9,1,1,4,0,0,2967
654,2,1,9,100,17,2,7,5,0,0,3585
655,2,0,81,1,1,0,0,0,0,0,3032
656,2,1,87,28,15,2,3,4,0,0,3066
657,0,0,92,52,25,2,3,5,0,0,3535
658,4,1,36,420,71,1,9,13,0,0,3192
659,4,2,86,39,76,4,3,3,0,1,3141
660,2,1,83,65,5,4,7,9,0,0,3459
661,2,0,74,5,6,1,0,3,0,0,3117
662,2,1,87,213,151,1,6,13,0,0,3076
663,1,0,29,11,11,1,2,3,0,0,3550
664,3,0,88,11,2,1,1,3,0,0,3434
665,2,0,77,7,19,1,1,2,0,0,3438
666,4,1,25,3,3,1,1,2,0,0,3299
667,1,0,34,11,15,2,2,3,0,0,3167
668,4,0,43,6,2,1,1,3,0,0,3306
669,0,1,76,37,18,3,3,5,0,0,3124
670,4,1,81,428,10,3,7,10,0,0,3225
671,3,2,87,122,83,5,5,9,0,0,3123
672,2,1,33,194,141,4,4,6,0,0,3545
673,2,1,38,107,59,2,6,8,0,0,3085
674,4,1,63,142,38,2,2,8,0,0,3465
675,2,0,26,5,1,1,1,2,0,0,2928
676,4,1,17,145,36,3,10,5,1,1,3497
677,2,0,75,149,91,1,2,12,0,0,3068
678,0,0,13,76,18,4,4,3,1,1,3268
679,4,0,19,117,6,1,3,13,0,0,3078
680,2,1,51,123,154,2,8,4,0,0,3144
681,2,0,81,384,115,1,11,13,0,0,3558
682,0,0,32,137,45,1,8,5,0,0,3229
683,2,1,84,82,41,2,3,6,0,0,3138
684,2,0,87,435,54,1,2,6,0,0,3082
685,4,1,99,126,78,2,5,11,0,0,3369
686,4,0,96,838,40,1,5,10,1,0,3545
687,4,0,21,1622,4,15,0,1,0,0,3584
688,4,0,40,480,26,1,3,12,0,1,2934
689,4,0,3,559,67,1,4,4,0,0,3162
690,4,1,98,24,4,6,4,7,1,1,3523
691,2,0,73,224,99,1,5,4,0,0,3198
692,3,1,90,80,80,3,1,4,0,0,3242
693,1,0,29,7,10,1,1,3,0,0,3129
694,3,1,3,20,31,3,2,2,1,0,3286
695,3,2,94,18,6,1,2,4,0,0,3228
696,2,0,65,11,4,1,1,2,0,0,2985
697,4,1,33,28,2,3,2,3,1,0,3337
698,2,0,46,178,29,2,8,6,0,0,3128
699,2,0,29,388,34,1,10,10,0,1,2971
700,2,1,99,309,34,3,9,5,0,0,3175
701,2,0,26,177,23,2,8,8,0,0,2999
702,2,1,30,278,242,3,5,11,0,1,3028
703,3,0,27,352,16,1,3,7,1,2,2951
704,3,0,24,21,5,3,4,4,0,0,3075
705,2,0,93,455,93,2,8,8,0,1,3425
706,4,0,34,8,18,1,1,3,0,0,2892
707,2,1,88,42,30,2,9,6,0,0,3335
708,4,1,96,45,191,3,2,5,0,1,3110
709,3,0,10,13,18,1,1,2,1,1,3425
710,2,0,26,4,6,1,1,2,0,0,3242
711,3,1,49,83,66,4,7,10,0,0,3506
712,2,0,11,21,42,2,2,3,0,0,3384
713,2,0,44,201,49,3,5,8,0,0,3301
714,2,0,75,66,4,3,4,5,0,0,3216
715,4,0,64,294,147,1,3,5,0,0,3459
716,0,0,19,501,80,1,5,8,1,0,3534
717,2,0,45,18,5,2,2,3,0,0,3393
718,2,1,77,368,174,6,11,9,0,0,3345
719,2,1,9,5,3,1,1,2,0,0,2982
720,3,1,1,249,9,2,5,5,0,0,3447
721,2,0,90,134,155,1,11,8,0,0,3313
722,4,0,43,6,1,2,1,3,0,0,2927
723,2,0,79,597,249,1,5,4,0,0,3391
724,2,0,19,12,32,5,4,2,1,1,3587
725,2,1,99,7,4,1,2,3,0,0,2911
726,2,0,62,706,48,1,6,12,0,1,3108
727,3,0,41,218,151,1,3,11,0,0,3045
728,3,1,60,77,26,7,6,5,0,0,3151
729,2,0,17,132,183,1,11,8,0,0,3330
730,4,1,24,3,0,1,0,3,0,0,3165
731,4,1,60,78,43,8,7,6,0,0,3581
732,2,1,57,124,109,7,4,10,0,0,3272
733,4,2,74,99,30,5,6,4,0,0,3146
734,2,1,22,211,42,3,4,4,0,2,3153
735,2,0,46,617,0,1,4,13,1,2,2951
736,2,1,69,341,170,2,8,4,0,0,3347
737,3,1,29,63,21,1,4,7,0,0,2916
738,1,0,37,1,6,1,1,2,0,0,3358
739,2,1,26,497,97,2,7,6,0,0,3579
740,4,1,8,86,21,4,6,11,0,0,3353
741,3,1,26,25,24,2,3,3,0,0,3370
742,4,2,79,21,10,3,2,3,0,0,3069
743,0,0,71,24,40,2,3,4,0,0,3222
744,2,0,83,360,40,1,6,5,0,1,3045
745,2,0,57,345,191,1,4,11,0,0,3303
746,0,0,37,12,7,3,2,4,0,0,3092
747,2,0,30,372,44,1,3,12,0,0,3002
748,2,0,34,7,11,1,1,2,0,1,3177
749,0,0,0,252,65,1,10,7,1,1,3041
750,4,0,89,742,84,1,6,5,0,0,3070
751,4,1,92,66,4,2,3,10,0,0,3159
752,2,1,87,213,151,1,6,13,0,0,3076
753,2,0,20,689,44,1,8,11,1,2,3376
754,2,0,56,374,80,1,8,6,0,0,2948
755,0,0,28,314,89,1,7,13,0,0,3395
756,4,1,55,375,12,5,7,5,1,0,3577
757,2,1,25,101,152,5,3,8,0,0,3173
758,3,0,0,23,23,2,2,3,0,0,3361
759,4,1,86,7,16,1,3,2,0,0,2974
760,0,0,8,22,11,2,3,3,0,0,3159
761,2,1,33,223,16,2,8,8,0,0,2956
762,3,0,13,391,40,1,6,10,0,0,3134
763,4,0,12,9,34,1,2,2,1,1,3305
764,2,0,92,305,227,1,2,5,0,0,2928
765,2,1,90,38,59,3,3,4,0,0,3318
766,2,0,8,898,86,1,3,7,0,0,3546
767,2,0,6,291,121,1,11,12,0,0,3552
768,0,1,91,23,61,1,2,4,0,0,3191
769,3,1,52,74,58,4,6,7,0,0,3289
770,2,1,3,348,90,2,5,12,0,0,3251
771,4,0,57,243,205,1,8,6,0,0,3089
772,2,1,9,91,112,8,7,7,1,0,3321
773,2,1,22,22,12,3,2,4,0,0,3332
774,4,1,76,12,12,0,0,1,0,0,3458
775,2,1,86,3,0,1,1,2,0,0,3370
776,4,1,64,17,6,2,2,3,0,0,3193
777,4,0,90,392,0,1,2,4,0,0,3044
778,3,1,79,11,4,2,1,3,0,0,3083
779,2,1,28,522,134,2,6,5,0,0,3180
780,4,0,86,546,0,1,4,10,0,0,2975
781,2,1,42,5,5,2,1,3,0,0,2966
782,2,0,39,6,9,1,1,2,0,0,2939
783,2,0,8,8,5,1,1,2,0,0,2992
784,2,0,40,15,3,1,1,3,0,0,3266
785,1,0,5,5,17,2,2,3,0,0,3498
786,3,1,96,19,6,5,3,4,0,0,3024
787,4,1,28,186,198,6,6,4,1,1,3433
788,3,0,22,125,139,6,7,8,0,1,2921
789,2,1,30,71,34,4,7,5,0,0,3549
790,3,0,45,706,61,1,3,4,0,0,3420
791,4,0,58,446,23,1,5,7,1,2,3489
792,2,0,49,11,13,1,2,3,0,1,3235
793,2,1,37,64,12,4,3,5,0,0,3133
794,2,1,70,35,52,2,1,5,0,0,3340
795,3,0,33,60,12,1,4,7,0,1,3415
796,4,1,98,136,35,3,10,7,0,0,2891
797,0,1,17,212,177,3,11,8,0,0,3504
798,2,0,54,597,15,1,6,12,0,0,3374
799,2,0,39,16,5,3,4,3,0,0,3087
800,3,1,81,159,16,4,4,9,0,0,3088
801,2,1,71,10,8,1,1,3,0,0,3350
802,2,1,62,29,47,3,2,4,0,0,3416
803,4,0,8,228,22,1,6,13,0,0,3126
804,2,0,76,204,29,3,2,12,1,4,3339
805,3,2,66,26,21,6,7,7,0,0,3127
806,3,1,83,19,0,1,1,3,0,0,2988
807,2,1,28,136,45,4,3,6,0,0,3141
808,2,1,87,178,133,7,3,8,0,1,3354
809,2,1,43,470,94,2,5,6,0,0,3339
810,2,0,0,8,32,1,1,2,0,0,3146
811,2,0,1,17,10,2,2,3,1,0,3325
812,2,0,1,256,32,1,5,6,0,0,2919
813,3,1,72,239,69,6,5,9,0,0,3400
814,4,0,72,747,30,0,5,12,0,0,3108
815,4,1,12,83,4,2,5,7,0,0,2938
816,2,1,89,4,4,1,1,2,0,0,2999
817,2,0,67,226,68,3,10,4,0,0,3472
818,2,1,54,49,57,1,9,9,0,0,2982
819,0,0,34,9,12,2,2,3,0,0,3191
820,4,0,15,804,17,1,5,8,1,1,3310
821,2,0,43,13,11,2,2,3,0,0,3215
822,2,0,0,64,37,1,7,7,1,2,2904
823,2,0,74,47,42,1,3,2,0,0,3327
824,2,1,61,287,33,1,5,4,1,4,3293
825,0,1,51,476,34,1,10,11,0,0,3329
826,2,2,97,287,15,3,3,7,0,1,3308
827,2,2,75,8,2,2,1,3,0,0,3423
828,4,1,83,409,56,1,8,4,0,0,3304
829,2,0,23,5,1,1,1,3,0,0,3010
830,4,1,65,28,8,1,2,3,0,0,3109
831,2,0,94,156,145,1,6,7,0,0,3547
832,4,2,42,90,10,3,7,7,0,0,3310
833,0,0,10,7,18,2,2,3,0,0,3160
834,2,1,94,9,1,2,1,3,0,0,3390
835,2,1,50,274,141,5,6,12,0,0,3347
836,3,0,46,97,82,2,6,5,0,0,3320
837,2,0,98,774,187,1,7,12,0,0,3534
838,0,1,42,6,8,1,1,3,0,0,3252
839,2,1,30,82,171,2,7,5,0,1,2990
840,2,1,11,15,17,3,2,3,0,0,3218
841,2,1,61,52,28,3,3,6,0,0,3467
842,2,0,12,24,20,4,3,4,0,0,2938
843,2,0,76,28,7,4,4,3,0,0,3486
844,0,0,2,431,54,1,3,7,0,0,3227
845,2,0,43,929,130,1,5,7,1,3,3057
846,0,0,27,399,205,2,3,8,0,0,3528
847,3,1,60,140,63,3,7,8,0,0,3442
848,2,1,79,54,14,2,3,5,0,0,3139
849,2,0,96,15,18,4,3,3,0,0,3305
850,2,1,17,25,110,2,5,3,0,0,3271
851,4,1,0,102,5,3,6,9,0,0,3059
852,0,0,38,845,63,1,7,10,0,2,3490
853,4,1,43,2,9,2,1,2,0,1,2924
854,4,1,1,21,17,3,7,7,1,2,2994
855,2,1,25,303,170,7,10,12,0,0,3344
856,3,1,2,7,0,1,1,3,0,0,3007
857,2,0,66,116,64,3,6,11,0,0,3385
858,2,1,49,10,1,2,1,3,0,0,3523
859,0,0,5,350,33,1,6,10,0,0,3310
860,2,0,71,18,0,2,2,3,0,0,3044
861,3,1,35,89,34,6,6,4,0,0,3024
862,2,0,94,3,5,1,0,3,0,0,3426
863,0,0,80,69,66,6,4,6,0,0,3523
864,0,0,61,78,93,2,6,4,0,0,3084
865,4,1,29,119,15,3,4,8,0,0,3273
866,3,1,0,68,7,3,5,8,0,0,3350
867,3,0,80,4,0,1,1,2,0,0,3168
868,2,1,54,90,125,3,2,8,0,0,3309
869,2,0,71,15,12,2,2,3,0,0,3510
870,4,0,27,396,0,1,5,4,0,3,3164
871,2,1,61,267,38,2,5,4,0,1,3064
872,2,0,55,16,4,3,4,3,0,0,2908
873,0,1,35,57,25,4,3,4,0,0,2976
874,3,0,34,168,142,1,5,10,0,0,3156
875,2,0,95,500,33,1,4,5,0,2,3175
876,3,1,64,93,98,7,6,4,0,0,3254
877,2,0,30,59,36,2,3,4,0,0,3390
878,3,0,12,569,68,1,6,12,0,0,2975
879,0,0,96,38,7,4,3,3,0,0,3418
880,2,0,16,12,40,3,3,2,1,1,3029
881,2,1,16,14,21,2,2,3,0,0,3511
882,2,0,78,5,1,1,0,3,0,0,3231
883,0,1,83,19,3,2,2,3,0,0,2900
884,4,0,96,838,40,1,5,10,1,0,3545
885,4,0,67,685,129,1,3,13,0,0,3252
886,4,1,87,55,12,4,6,4,0,0,3470
887,2,1,34,2,5,2,2,3,0,0,3090
888,2,1,46,156,58,8,9,5,0,0,3344
889,3,0,7,207,48,2,2,10,0,0,3085
890,2,0,73,20,20,2,2,3,0,1,3395
891,3,1,54,47,56,6,5,5,0,0,3549
892,2,0,93,446,175,1,3,11,0,0,3056
893,1,0,52,1,2,1,1,2,0,0,2950
894,4,0,53,206,42,2,7,5,1,1,3403
895,4,1,81,53,242,2,8,5,0,0,3454
896,2,1,8,161,135,1,6,4,1,0,3216
897,2,1,97,354,61,2,10,7,0,0,3047
898,4,0,50,134,3,3,4,8,0,0,3212
899,2,0,38,18,26,4,4,3,0,0,3140
900,2,0,61,493,57,1,4,10,0,0,3398
901,2,1,46,11,20,2,4,4,0,0,3207
902,2,0,73,405,40,1,4,6,0,0,3240
903,2,0,19,69,96,1,3,6,0,0,3097
904,2,2,10,89,28,5,4,6,0,0,3352
905,2,0,94,391,241,1,3,10,0,0,2971
906,2,0,10,873,37,0,7,7,1,1,3110
907,2,0,37,5,7,1,1,2,0,0,3099
908,2,0,94,29,4,1,2,3,0,0,3066
909,4,0,23,49,12,1,2,6,0,0,3001
910,4,0,75,674,28,1,3,8,0,0,3255
911,2,0,40,523,24,1,3,5,0,0,3124
912,4,1,24,71,174,6,10,10,1,0,3410
913,3,0,11,67,28,2,3,4,1,0,3240
914,2,0,29,890,24,1,7,7,1,0,3463
915,2,0,51,265,53,1,3,6,0,0,3304
916,3,0,86,154,28,1,3,7,0,0,3075
917,4,0,9,403,0,1,7,6,1,1,3216
918,0,1,30,56,47,2,3,7,0,0,3114
919,4,0,73,464,16,1,6,9,0,1,3297
920,4,1,25,2,6,1,1,3,0,3,2967
921,2,0,67,473,182,1,2,6,0,0,3328
922,3,0,67,25,26,1,2,4,1,0,3411
923,4,1,58,20,12,3,1,4,0,0,2946
924,2,0,82,431,33,1,11,10,0,1,2932
925,3,0,98,217,115,3,6,6,0,0,3557
926,2,0,93,384,108,1,4,9,0,1,3029
927,0,0,53,704,166,1,4,10,0,1,3071
928,2,0,66,335,81,1,5,6,0,0,2946
929,4,1,6,466,80,1,6,5,0,0,3114
930,4,0,42,510,12,1,6,9,0,0,2972
931,2,0,78,27,33,1,1,4,0,0,3029
932,4,1,29,72,63,2,11,10,0,1,3576
933,1,0,82,3,7,1,1,3,0,0,3444
934,2,0,92,305,227,1,2,5,0,0,2928
935,4,0,78,15,2,2,3,3,0,0,2925
936,2,0,54,311,32,1,9,4,0,0,3138
937,4,1,45,447,35,3,11,11,0,1,3293
938,2,1,59,238,106,3,7,11,0,0,3240
939,4,0,8,76,15,2,8,9,0,0,3214
940,0,1,51,249,144,8,6,5,0,0,3274
941,4,1,51,54,120,2,7,7,0,0,3234
942,2,0,76,606,98,1,3,6,1,0,3287
943,2,0,62,790,172,0,5,5,1,2,3372
944,1,0,86,14,15,3,2,3,0,0,3444
945,4,0,60,48,36,1,4,10,0,1,3526
946,0,1,56,144,133,3,4,9,0,0,3023
947,2,1,83,51,46,2,4,5,0,0,3162
948,2,0,92,18,14,1,2,3,0,0,3095
949,0,1,31,142,47,2,3,9,0,0,3526
950,4,0,80,13,11,1,2,3,0,0,2940
951,4,1,39,17,18,3,2,3,0,1,2942
952,3,1,20,58,18,4,3,4,1,0,3406
953,4,0,53,43,38,1,3,2,0,0,3304
954,3,1,84,8,14,1,1,2,0,0,2939
955,4,1,50,23,4,5,3,4,0,0,3394
956,2,1,96,44,139,3,5,6,1,0,3465
957,2,1,94,233,83,4,5,8,0,0,3571
958,2,1,25,15,6,2,2,4,0,0,2943
959,4,1,48,30,57,4,5,5,0,0,3318
960,2,1,65,171,114,2,4,13,0,0,3536
961,4,1,69,37,42,3,6,8,0,0,2943
962,3,0,12,9,12,2,2,3,1,0,3436
963,4,1,84,46,2,5,2,5,0,0,3148
964,2,1,47,84,15,7,3,6,0,0,2894
965,2,1,87,227,131,3,5,11,0,0,3180
966,2,0,35,925,84,1,6,9,1,1,3204
967,2,0,47,27,12,3,3,4,0,0,3515
968,4,0,48,2,7,1,1,2,1,0,3332
969,2,0,46,234,48,6,10,6,0,0,3514
970,2,0,27,400,45,1,3,10,0,0,3037
971,4,1,37,11,5,4,3,4,0,0,3418
972,0,0,8,30,26,3,3,4,0,0,3484
973,0,1,29,75,31,3,7,7,0,0,3114
974,3,0,85,430,15,1,4,13,0,0,3513
975,2,0,2,407,8,1,2,13,0,0,3036
976,3,0,66,445,18,1,2,12,0,0,3587
977,3,1,60,77,26,7,6,5,0,0,3151
978,2,1,54,12,30,3,2,4,0,0,3067
979,2,1,70,133,195,5,10,7,0,1,3180
980,0,1,55,3,7,1,0,2,0,0,3242
981,2,0,20,1,1,0,0,0,0,0,2897
982,3,0,78,18,11,1,2,3,0,0,3216
983,2,1,63,337,54,3,11,9,0,0,3148
984,2,0,17,108,231,1,5,6,1,1,3208
985,4,1,43,84,23,2,4,8,0,0,3202
986,4,0,13,651,37,1,5,7,0,0,3106
987,2,0,46,708,182,1,9,9,1,2,3137
988,0,0,65,640,121,1,4,13,0,0,3303
989,4,1,1,12,5,2,2,3,0,0,2890
990,2,0,6,311,51,1,2,10,1,4,2990
991,0,0,32,7,3,1,0,3,0,0,3467
992,3,0,34,136,27,5,10,6,0,1,3557
993,2,0,70,282,70,4,5,12,0,0,3021
994,2,1,49,16,20,2,1,4,0,0,2897
995,2,0,65,11,4,1,1,2,0,0,2985
996,2,0,25,545,0,1,8,10,0,1,3122
997,2,1,84,19,20,3,2,3,0,0,3014
998,2,0,7,292,64,3,8,6,0,1,3210
999,2,1,34,32,50,4,3,8,0,0,3128
1000,4,1,38,288,38,1,6,9,1,1,3547
1001,4,0,1,449,20,1,4,4,1,1,3153
1002,0,1,25,144,182,5,8,4,1,2,3349
1003,2,0,25,11,15,2,2,3,0,0,3391
1004,4,1,50,31,39,5,5,4,0,0,3298
1005,2,1,46,127,37,6,3,4,1,1,3402
1006,3,1,96,288,70,2,6,10,0,0,3491
1007,2,0,57,345,191,1,4,11,0,0,3303
1008,2,1,47,21,28,4,3,2,0,1,3044
1009,4,1,52,3,4,1,1,2,0,0,3305
1010,2,1,30,396,158,1,10,8,0,2,3563
1011,4,1,63,31,0,1,1,5,0,0,3059
1012,2,0,51,66,27,7,6,4,0,0,3369
1013,3,1,14,21,12,1,3,3,0,0,3547
1014,3,1,20,11,3,3,2,4,0,0,2962
1015,3,0,56,165,11,1,4,8,0,0,2961
1016,0,0,41,254,76,1,6,7,0,0,2973
1017,2,0,72,73,11,1,2,7,0,0,3287
1018,2,0,1,6,6,1,1,3,0,0,3432
1019,2,0,27,24,18,1,2,4,0,0,3384
1020,2,0,77,26,1,3,3,3,0,0,2900
1021,4,0,87,24,0,1,2,3,0,0,3247
1022,4,2,81,168,108,7,11,4,1,0,3372
1023,3,1,51,3,7,1,1,3,0,0,2895
1024,2,0,79,16,12,2,2,2,0,0,3493
1025,4,1,11,172,83,3,5,9,0,0,3337
1026,2,0,54,29,26,1,2,2,1,1,3202
1027,1,0,93,11,26,2,2,2,0,0,3406
1028,4,1,0,2,2,1,1,3,0,0,3222
1029,0,1,54,161,33,5,10,10,0,0,3492
1030,2,0,21,733,28,1,8,5,1,0,3255
1031,2,0,58,961,19,1,8,5,1,0,3418
1032,2,0,3,356,40,1,4,7,0,0,2894
1033,0,0,99,13,16,1,1,3,0,0,3413
1034,2,0,70,568,145,1,5,7,0,0,2938
1035,2,0,65,130,44,2,5,5,0,0,3559
1036,4,1,44,16,15,4,3,4,0,0,3013
1037,3,1,6,16,8,3,2,4,0,0,3174
1038,4,0,9,9,7,1,1,2,1,1,2981
1039,2,1,95,134,123,4,6,8,0,0,3286
1040,2,1,70,29,218,2,5,6,0,1,2957
1041,2,1,92,14,5,3,2,3,0,0,3493
1042,2,0,62,66,2,15,0,0,0,0,3539
1043,2,0,85,415,200,1,4,4,0,1,2927
1044,2,0,2,16,6,1,1,2,1,0,3224
1045,3,1,0,37,3,3,2,4,0,0,3514
1046,3,1,91,33,29,1,2,4,0,0,3167
1047,4,1,3,333,10,1,7,12,0,0,3149
1048,2,0,68,141,187,6,6,5,1,0,3483
1049,2,1,98,91,26,6,6,11,0,1,3249
1050,0,0,41,254,76,1,6,7,0,0,2973
1051,4,1,16,3,1,1,1,2,0,1,2914
1052,4,0,82,780,178,1,7,9,0,0,3388
1053,0,1,1,12,26,2,1,2,1,0,3390
1054,3,0,64,13,10,1,1,3,0,0,3340
1055,2,0,68,534,26,1,3,12,0,0,3522
1056,2,1,98,53,15,4,6,4,0,0,3559
1057,4,0,32,12,25,1,5,5,0,0,3214
1058,2,0,87,491,56,1,6,8,0,0,3469
1059,2,0,84,282,54,1,2,6,0,0,3345
1060,3,1,3,45,34,11,3,10,0,1,3526
1061,2,2,34,181,200,2,7,11,0,1,3229
1062,4,0,23,267,35,2,5,11,1,0,3425
1063,4,1,37,8,20,2,1,2,0,1,2931
1064,4,1,22,69,9,1,4,8,0,0,2969
1065,2,1,19,4,14,3,1,3,0,0,3545
1066,2,0,7,678,147,1,4,8,1,2,2949
1067,0,1,52,249,149,8,8,8,0,0,3585
1068,2,0,91,7,2,1,1,2,0,0,3584
1069,2,0,93,382,17,1,3,13,0,0,3007
1070,4,0,78,15,2,2,3,3,0,0,2925
1071,2,1,23,279,190,6,5,8,0,0,3463
1072,2,1,83,176,56,3,9,9,0,0,3466
1073,2,1,92,5,8,2,2,3,0,0,3015
1074,2,0,4,30,125,1,6,6,0,0,3236
1075,2,0,32,555,118,1,4,9,0,1,3251
1076,4,0,27,107,44,1,6,11,0,1,3314
1077,0,1,10,7,2,2,1,3,0,0,3203
1078,3,0,9,77,42,2,4,8,0,0,3048
1079,4,0,65,6,3,1,1,2,0,0,3323
1080,2,0,68,334,117,1,4,5,0,0,2994
1081,2,0,16,125,16,6,7,4,1,0,3479
1082,2,0,12,548,99,1,5,4,1,0,3566
1083,2,0,95,8,0,1,0,3,0,0,3206
1084,3,0,16,842,133,1,5,6,1,1,3402
1085,2,1,46,158,142,4,11,5,0,0,3400
1086,2,1,3,7,2,2,1,3,0,0,3150
1087,4,0,80,103,81,0,9,4,1,4,3431
1088,2,0,77,9,3,1,1,2,0,0,2947
1089,4,0,0,411,43,1,4,5,1,0,2994
1090,4,0,62,843,38,1,6,7,0,0,2921
1091,4,0,91,18,12,2,2,4,0,0,2954
1092,2,0,24,389,75,1,4,7,0,0,3200
1093,4,1,2,22,3,3,3,3,0,0,3262
1094,4,1,22,9,4,3,2,4,0,0,2999
1095,2,1,56,100,27,1,4,8,0,0,3216
1096,2,1,54,216,33,1,4,5,0,0,2917
1097,0,0,71,369,41,1,3,8,0,0,3496
1098,3,0,38,5,1,1,1,2,0,0,3322
1099,2,1,62,160,35,2,5,10,0,0,3433
1100,2,0,78,430,27,0,4,6,1,2,3154
1101,0,1,18,109,45,2,4,7,0,0,3295
1102,2,0,95,206,54,6,7,5,0,0,3221
1103,2,0,66,30,10,2,4,6,0,0,3136
1104,2,0,28,16,21,1,2,3,0,0,2987
1105,4,0,78,400,0,1,4,11,0,1,3116
1106,4,1,13,8,2,1,2,3,0,0,2900
1107,0,0,27,13,17,2,2,4,0,0,3220
1108,0,0,17,70,16,2,6,9,0,1,3040
1109,2,1,71,57,6,7,4,7,0,0,2919
1110,2,0,79,449,16,1,2,11,0,0,3379
1111,0,0,1,115,45,1,8,5,1,1,3375
1112,4,1,78,4,0,1,1,2,0,0,3030
1113,3,0,23,711,38,0,4,9,0,1,3022
1114,4,0,75,18,0,3,3,3,0,0,3193
1115,2,1,70,140,168,3,3,5,0,1,3195
1116,4,0,10,18,24,1,1,2,1,1,3146
1117,3,0,24,54,153,1,3,3,1,1,3172
1118,1,0,47,11,46,1,2,2,0,0,3419
1119,0,1,98,59,29,5,11,6,0,0,3180
1120,2,1,4,215,21,2,6,9,0,0,3156
1121,4,0,15,42,6,2,2,4,0,0,3474
1122,3,1,67,93,73,5,4,5,0,0,3298
1123,2,0,32,23,9,1,2,4,0,0,3077
1124,2,1,40,137,29,2,6,5,0,0,3478
1125,2,1,54,147,41,7,6,5,1,0,3448
1126,2,1,78,494,95,4,5,6,0,0,3580
1127,2,1,94,17,16,2,1,3,0,0,2956
1128,1,0,51,4,11,1,0,3,0,0,3423
1129,0,0,42,818,112,1,7,11,1,0,3081
1130,3,1,67,53,70,4,2,9,0,1,3420
1131,2,1,87,2,4,1,1,2,0,0,3152
1132,2,0,29,20,16,1,1,3,0,0,2912
1133,2,1,89,864,84,2,6,9,0,1,3484
1134,2,0,74,750,39,1,7,8,1,2,3133
1135,0,0,97,107,29,2,5,6,0,0,2926
1136,4,1,63,34,4,3,3,3,0,0,3583
1137,4,0,88,395,12,1,4,9,1,0,3312
1138,3,0,34,10,4,2,3,3,0,0,2928
1139,2,1,81,56,20,2,6,4,0,0,3402
1140,3,1,65,133,48,4,6,10,0,0,3264
1141,2,0,51,26,3,1,2,4,0,0,3404
1142,0,0,76,8,20,2,2,2,0,0,2939
1143,4,1,76,12,18,2,2,4,0,0,3206
1144,2,0,84,249,134,1,6,13,0,0,3126
1145,3,0,56,25,3,4,2,4,0,0,3049
1146,2,0,31,59,27,2,3,3,1,1,3112
1147,2,1,0,171,32,12,9,8,0,0,3543
1148,4,1,91,39,19,2,9,4,0,0,3119
1149,2,0,40,8,9,1,1,2,1,1,3514
1150,4,0,59,183,30,2,9,13,0,0,3248
1151,2,1,96,196,37,3,10,7,0,0,3559
1152,2,1,61,3,5,1,1,2,0,0,3559
1153,2,0,14,731,114,1,5,11,1,0,3535
1154,3,1,16,37,13,2,1,6,0,0,2977
1155,4,1,98,11,2,4,2,3,0,0,2922
1156,2,1,11,112,19,10,5,9,1,0,3233
1157,2,0,52,239,9,1,7,4,0,0,3461
1158,2,0,19,483,13,1,3,5,0,0,2921
1159,2,1,61,329,106,2,7,10,0,0,3365
1160,2,1,73,28,41,1,4,6,0,0,2988
1161,2,1,0,171,32,12,9,8,0,0,3543
1162,2,1,74,29,9,1,8,7,0,1,3507
1163,2,0,55,604,54,1,6,10,0,0,3566
1164,4,1,48,6,2,2,4,5,0,0,3149
1165,2,1,53,83,11,4,4,12,0,0,3292
1166,0,1,13,18,8,1,1,3,0,0,3249
1167,2,2,34,37,13,3,2,4,0,0,3566
1168,2,0,54,162,97,1,4,8,0,0,3286
1169,2,0,69,425,50,1,3,8,0,0,3048
1170,1,0,81,2,8,1,1,2,0,1,3022
1171,0,0,99,3,12,1,1,3,0,0,2994
1172,4,0,3,547,33,1,8,5,0,0,3562
1173,3,1,61,35,47,3,8,4,0,1,3058
1174,1,0,65,15,14,2,2,3,0,0,3427
1175,3,1,93,19,4,3,2,6,0,0,3118
1176,3,1,24,8,2,1,1,2,0,0,3493
1177,2,1,8,64,25,2,3,10,0,0,3298
1178,2,1,72,19,19,3,2,4,0,0,3332
1179,3,0,29,915,96,1,3,10,0,0,3026
1180,2,1,33,83,19,3,8,6,0,0,3422
1181,2,1,68,76,11,1,4,5,0,0,3430
1182,4,1,55,60,24,3,9,4,1,1,3416
1183,1,1,76,3,40,5,2,3,0,0,3312
1184,2,0,17,11,1,1,1,2,0,0,2942
1185,2,0,94,8,5,1,1,3,0,0,3221
1186,2,1,86,20,10,2,1,4,0,0,3201
1187,4,1,25,101,20,1,6,13,0,1,3198
1188,4,1,22,28,4,2,3,4,0,0,3460
1189,0,2,15,7,13,1,1,3,0,0,3012
1190,3,0,35,549,99,1,5,4,1,0,3444
1191,3,1,81,70,42,4,7,10,1,1,3479
1192,2,1,55,11,29,1,1,2,0,0,2960
1193,2,1,94,34,10,1,4,4,0,0,3022
1194,3,1,50,51,23,3,2,4,0,0,3323
1195,3,1,64,100,131,1,9,9,0,0,3324
1196,0,1,91,23,61,1,2,4,0,0,3191
1197,3,0,11,137,11,2,5,10,0,1,3345
1198,4,0,72,259,80,1,3,5,0,0,2975
1199,0,1,6,113,66,3,6,12,0,0,3548
1200,2,1,0,57,22,4,2,5,0,0,3181
1201,2,1,66,169,84,3,9,8,0,0,3410
1202,3,1,42,29,14,2,3,4,0,0,3070
1203,2,0,60,8,13,2,1,2,1,1,3517
1204,3,0,64,689,0,1,3,9,0,0,3206
1205,3,1,87,85,29,3,10,5,0,1,3384
1206,4,0,96,801,0,1,6,10,0,0,3109
1207,2,0,1,9,7,1,2,3,0,0,3133
1208,4,2,54,4,10,1,1,2,0,1,3023
1209,2,1,53,25,13,2,3,4,0,0,3293
1210,2,1,96,24,20,2,5,7,0,1,3150
1211,2,1,58,93,34,2,2,10,0,0,3330
1212,2,1,12,242,76,2,7,11,0,1,3135
1213,2,0,78,913,59,1,5,6,0,0,3364
1214,2,1,64,39,75,5,4,5,0,0,3496
1215,2,1,26,45,20,4,2,4,1,0,3256
1216,2,1,8,88,34,1,4,10,0,0,3237
1217,4,1,49,16,4,5,3,4,0,0,3580
1218,4,0,56,505,45,1,4,10,0,0,3156
1219,2,1,55,22,26,2,2,2,0,0,3416
1220,1,0,25,3,42,3,3,3,0,0,3566
1221,2,0,50,4,9,1,1,2,0,0,3170
1222,0,0,84,109,41,1,5,9,0,1,3409
1223,2,1,30,7,25,2,2,2,0,1,3224
1224,4,1,81,16,6,4,2,4,0,0,3170
1225,4,1,74,180,12,2,5,9,0,0,3317
1226,4,0,76,106,45,1,11,8,0,1,3150
1227,2,0,36,12,27,2,2,2,1,1,3505
1228,3,1,64,17,56,5,4,8,0,0,3208
1229,3,1,62,14,2,3,3,3,0,0,2981
1230,2,1,53,59,7,5,5,4,0,0,3389
1231,4,0,86,11,3,1,1,3,0,0,3255
1232,2,1,15,8,12,3,3,4,0,0,3030
1233,2,0,67,19,6,2,2,3,0,0,3355
1234,4,0,47,9,11,1,1,3,0,0,2948
1235,2,0,47,280,15,4,8,11,0,0,2924
1236,3,1,81,19,11,1,2,4,0,0,2963
1237,2,0,98,414,76,1,5,12,0,3,3158
1238,2,0,56,13,4,1,1,3,0,0,3250
1239,2,1,48,35,7,4,2,5,0,0,3102
1240,1,0,18,2,3,1,1,3,0,0,3052
1241,4,1,74,12,9,2,2,3,0,0,3159
1242,2,1,68,147,66,1,5,7,0,1,2926
1243,3,0,36,270,45,1,1,5,0,0,2960
1244,4,0,90,121,45,4,6,4,0,0,3584
1245,2,0,65,3,1,15,0,0,0,0,2932
1246,1,0,63,18,40,4,3,2,0,0,3463
1247,2,1,82,5,4,1,0,2,0,0,3340
1248,4,0,63,4,1,1,1,2,0,0,2987
1249,2,1,55,133,19,3,8,13,0,1,2926
1250,4,0,64,514,44,1,4,6,1,1,3196
1251,2,2,51,259,30,4,6,13,0,1,3238
1252,4,1,97,265,27,2,11,11,1,1,3382
1253,2,1,92,421,71,2,7,5,0,0,3180
1254,2,1,51,123,154,2,8,4,0,0,3144
1255,4,1,72,87,23,4,7,5,1,0,3589
1256,0,1,39,47,192,2,7,3,1,0,3585
1257,2,1,49,86,64,2,4,11,0,0,2938
1258,2,1,21,2,6,1,1,2,0,1,2992
1259,2,0,91,946,126,1,4,11,0,1,3207
1260,4,1,37,8,20,2,1,2,0,1,2931
1261,4,0,98,672,51,1,6,8,1,0,3293
1262,3,0,85,415,37,1,7,11,0,2,3096
1263,2,1,40,11,9,3,2,3,0,0,3248
1264,2,1,2,12,23,2,2,2,1,0,3005
1265,2,0,78,430,27,0,4,6,1,2,3154
1266,4,1,41,152,132,10,9,6,1,0,3533
1267,2,0,94,9,32,3,2,3,0,0,3396
1268,4,1,10,33,1,1,4,4,0,0,3203
1269,0,0,73,611,54,1,6,6,0,0,2898
1270,2,0,22,104,38,2,7,4,0,1,2973
1271,3,1,30,186,15,3,5,13,0,0,3413
1272,2,0,21,52,30,4,5,4,1,1,3562
1273,3,1,51,64,70,8,9,7,0,0,3357
1274,3,0,97,29,8,3,2,3,0,0,3475
1275,2,1,56,96,60,4,3,11,0,1,3378
1276,3,0,4,11,10,1,1,2,0,1,3085
1277,2,2,77,27,10,2,3,3,0,0,3434
1278,2,0,95,106,210,0,6,9,0,1,3536
1279,2,1,36,71,27,5,5,7,0,0,3102
1280,2,0,13,687,241,1,4,8,1,0,3579
1281,0,0,90,239,119,2,9,10,1,3,3570
1282,4,1,49,20,1,2,1,3,0,0,3537
1283,3,0,18,204,47,2,7,7,0,0,3233
1284,1,0,89,78,144,2,4,5,0,0,3491
1285,2,0,43,18,5,1,1,3,0,0,3362
1286,4,1,82,24,4,2,9,5,1,1,3473
1287,0,1,84,10,34,2,1,2,0,0,3276
1288,3,0,80,842,210,1,5,10,1,2,3394
1289,2,0,68,151,125,2,7,10,0,0,3436
1290,2,0,12,5,3,1,1,2,0,0,3187
1291,2,0,75,7,1,1,2,2,0,0,3223
1292,0,0,10,24,8,2,2,4,0,0,2993
1293,4,1,91,5,5,1,1,2,0,0,3094
1294,4,1,21,9,1,2,1,4,0,0,2968
1295,3,1,28,57,48,2,2,5,0,0,2982
1296,4,0,97,14,10,1,2,2,0,0,3137
1297,2,1,49,114,78,5,7,11,0,1,3260
1298,2,0,14,622,95,1,4,4,1,0,3020
1299,2,1,5,4,25,4,2,3,0,0,3439
1300,3,0,37,9,8,0,1,1,0,0,3280
1301,2,0,62,790,172,0,5,5,1,2,3372
1302,0,0,83,8,10,1,2,3,0,0,3021
1303,2,1,48,65,49,5,5,4,0,0,3379
1304,2,0,94,376,72,1,5,8,0,1,3495
1305,2,1,61,155,54,5,10,8,0,0,3256
1306,2,1,70,51,64,6,7,5,0,0,3342
1307,4,0,43,249,14,1,5,12,0,1,2927
1308,2,0,23,69,46,1,10,13,1,4,3056
1309,2,1,37,154,154,7,11,12,0,0,3232
1310,4,1,50,189,6,2,5,10,0,0,3039
1311,3,0,78,717,43,1,7,10,0,0,3473
1312,3,1,74,74,14,3,6,5,0,0,3197
1313,0,1,14,209,37,5,4,10,0,0,3125
1314,0,0,77,111,12,3,3,7,0,0,3059
1315,4,1,39,17,3,3,3,3,0,0,3325
1316,2,1,89,73,90,4,3,8,0,0,3161
1317,0,1,62,20,5,1,1,3,0,0,2909
1318,2,1,59,21,27,2,3,3,0,0,3225
1319,2,0,68,9,20,1,1,2,0,0,3038
1320,3,0,13,537,138,1,5,12,0,0,3323
1321,3,1,37,97,88,3,6,5,0,0,3278
1322,2,1,36,231,134,2,5,12,0,0,3063
1323,2,0,28,107,176,4,7,3,1,1,3554
1324,1,0,2,13,4,2,3,3,0,0,2982
1325,3,1,17,235,205,6,6,13,0,0,3390
1326,2,0,86,25,7,1,3,3,0,0,2962
1327,4,0,54,44,18,1,3,4,0,0,3167
1328,3,0,2,26,262,0,1,1,0,0,3089
1329,4,0,3,528,97,1,8,5,1,1,3114
1330,2,0,84,17,46,2,2,2,0,0,3004
1331,2,1,8,100,0,5,6,5,1,0,3454
1332,2,1,4,217,168,3,7,7,0,2,3174
1333,2,0,57,118,93,1,4,13,0,0,3225
1334,3,0,24,480,75,1,6,8,1,2,3570
1335,2,1,51,54,41,2,5,4,0,0,3175
1336,2,0,29,413,32,1,2,6,0,0,3307
1337,3,0,13,40,14,1,3,3,0,0,2960
1338,2,1,23,7,3,1,1,3,0,0,3146
1339,2,0,36,78,36,3,7,3,1,0,3580
1340,2,1,88,21,15,1,5,6,0,1,2921
1341,3,1,2,61,102,3,5,6,0,0,3475
1342,3,1,3,45,34,11,3,10,1,1,3526
1343,2,0,15,8,18,1,1,4,0,0,3388
1344,1,0,58,2,5,1,1,2,0,0,3356
1345,2,0,11,21,42,2,2,3,0,0,3384
1346,0,1,27,4,6,1,1,3,0,0,3394
1347,4,0,32,92,11,2,5,7,0,0,3264
1348,2,1,12,84,38,3,10,7,0,1,3192
1349,4,0,88,395,12,1,4,9,1,0,3312
1350,4,0,91,573,14,1,4,10,0,0,3346
1351,2,0,12,452,140,1,6,4,1,0,3141
1352,2,0,21,7,11,1,0,2,0,0,3488
1353,2,1,23,75,6,1,4,5,0,0,3043
1354,2,0,10,459,95,1,6,7,1,0,3487
1355,2,1,35,215,53,2,8,11,0,0,3359
1356,2,0,69,27,33,2,3,2,0,1,3323
1357,4,0,68,259,29,1,6,10,0,0,2952
1358,2,0,85,984,18,1,5,5,0,0,3072
1359,3,1,34,31,12,3,2,4,0,0,3158
1360,2,1,55,68,88,6,8,6,0,0,3531
1361,1,0,10,14,22,2,2,2,0,1,3108
1362,2,1,30,196,50,8,6,7,0,0,3285
1363,0,0,36,238,28,1,8,11,0,0,3588
1364,0,1,14,69,23,4,2,7,0,1,3229
1365,3,1,79,205,82,1,6,6,1,0,3553
1366,2,1,52,108,26,3,6,5,0,0,3124
1367,2,0,97,10,7,1,1,3,0,0,3106
1368,3,0,24,21,5,3,4,4,0,0,3075
1369,2,1,0,59,30,1,3,5,0,0,2937
1370,2,1,96,52,17,2,4,5,0,0,2951
1371,0,1,89,24,1,2,2,4,0,0,3076
1372,3,1,94,5,3,2,1,3,0,0,3309
1373,4,1,98,24,4,6,4,7,0,1,3523
1374,4,1,72,167,88,5,8,11,0,0,3373
1375,2,1,1,38,27,4,7,4,0,0,3464
1376,2,2,26,35,7,6,4,8,0,0,3071
1377,2,0,5,14,31,2,2,2,1,1,3203
1378,3,1,22,18,24,3,5,6,0,1,3259
1380,3,1,56,64,38,1,4,3,0,0,2945
1381,0,1,74,34,28,4,3,4,0,0,3251
1384,2,0,24,17,4,1,2,3,0,0,3521
1385,2,0,9,694,119,0,5,5,0,1,3055
1387,0,1,10,7,2,2,1,3,0,0,3203
1388,2,1,35,17,2,1,1,3,0,0,3450
1389,2,0,56,374,80,1,8,6,0,0,2948
1390,3,1,7,76,71,6,4,3,0,0,3151
1391,2,0,51,29,36,3,2,4,0,0,3159
1392,4,0,17,13,3,1,1,3,0,0,3009
1393,0,1,30,12,29,2,1,2,0,0,3487
1394,4,0,21,6,0,2,2,3,0,0,2935
1395,3,2,2,115,15,2,6,12,0,0,3224
1396,2,1,85,3,1,1,1,2,0,0,2928
1397,2,0,65,16,2,2,2,3,0,0,3032
1398,3,1,64,100,131,1,9,9,0,0,3324
1399,4,1,11,79,109,2,6,4,0,0,3456
1400,2,1,92,43,35,4,5,5,0,0,3563
1401,2,1,54,49,57,1,9,9,0,0,2982
1402,2,1,4,41,41,2,4,3,0,0,2959
1403,2,1,53,39,89,3,5,4,1,0,3575
1404,3,0,39,133,14,6,8,8,0,0,3515
1405,4,1,49,21,29,4,3,4,0,0,3581
1406,3,1,70,112,15,4,6,5,0,0,3334
1407,3,1,40,222,43,2,7,8,0,0,3084
1408,2,1,40,104,17,3,4,9,0,0,3549
1409,4,1,43,16,31,4,3,2,1,0,3551
1410,4,1,17,238,15,1,7,12,0,0,3529
1411,2,0,40,272,80,2,5,6,1,2,3295
1412,3,1,84,7,4,1,1,2,0,0,3021
1413,2,0,25,520,26,1,5,5,1,1,3048
1414,2,0,62,50,55,3,5,3,0,0,3391
1415,2,0,83,139,100,4,4,8,0,0,3274
1416,1,0,47,11,46,1,2,2,0,0,3419
1417,2,0,45,39,41,1,2,5,0,0,3016
1418,2,1,34,10,17,2,2,3,0,0,2995
1419,2,1,3,16,1,3,2,4,0,0,3042
1420,4,1,1,1,0,1,1,2,0,0,2969
1421,0,0,18,74,246,1,2,10,0,0,3149
1422,2,1,45,253,101,4,4,12,0,1,3485
1423,4,1,81,8,3,1,1,3,0,0,3023
1424,2,0,77,7,19,1,1,2,0,0,3438
1425,2,0,23,26,12,3,2,4,0,0,3311
1426,4,0,48,2,7,1,1,2,0,0,3332
1427,4,0,61,7,1,1,1,2,0,0,3176
1428,0,1,60,17,13,2,2,3,0,0,2981
1429,2,0,75,64,74,1,6,6,0,0,3372
1430,3,0,64,13,10,1,1,3,0,0,3340
1431,0,0,54,10,10,1,1,3,0,0,3026
1432,2,0,84,118,42,1,6,11,0,1,3082
1433,2,1,75,15,2,2,2,3,0,0,3078
1434,2,1,16,67,2,5,6,5,0,0,3132
1435,0,1,79,11,16,2,1,2,0,1,3311
1436,2,1,92,43,35,4,5,5,0,0,3563
1437,0,0,16,5,10,1,0,2,0,0,3410
1438,2,0,96,11,35,1,1,4,0,0,2957
1439,2,0,30,59,36,2,3,4,0,0,3390
1440,2,1,60,19,8,3,2,3,0,0,3236
1441,3,1,11,4,3,1,1,2,0,0,3171
1442,2,0,75,23,19,3,3,3,1,0,3554
1443,3,0,36,595,138,3,3,10,1,1,3503
1444,2,0,71,672,126,1,7,10,0,2,3165
1445,2,0,88,102,6,1,2,8,0,0,3147
1446,0,0,93,553,17,1,4,9,0,0,3450
1447,2,1,93,99,47,4,10,5,0,1,3465
1448,4,0,54,348,130,1,4,8,0,0,3137
1449,0,1,41,159,39,4,4,5,0,0,2988
1450,2,0,46,92,25,3,3,4,0,0,3387
1451,2,0,28,573,31,1,3,9,0,0,2910
1452,2,0,40,601,43,1,3,8,1,0,3118
1453,4,0,82,17,3,1,2,3,0,0,3162
1454,4,0,38,180,70,2,7,5,0,0,3560
1455,2,0,3,356,40,1,4,7,0,0,2894
1456,2,1,87,52,31,3,4,4,1,0,3514
1457,2,1,49,16,22,4,2,4,0,0,3423
1458,2,0,16,731,45,0,6,12,1,2,3027
1459,4,0,65,123,14,2,5,9,1,0,3543
1460,3,1,9,21,10,4,7,7,0,1,3044
1461,2,1,24,177,29,7,4,8,0,0,3204
1462,4,1,25,2,6,1,1,3,0,3,2967
1463,2,0,43,6,11,3,3,3,0,0,2901
1464,3,0,10,10,5,1,1,3,0,0,3246
1465,3,1,29,95,196,4,2,5,0,0,3264
1466,2,1,45,75,48,4,8,8,0,0,3391
1467,2,0,57,345,191,1,4,11,0,0,3303
1468,4,1,20,3,1,1,0,3,0,0,3031
1469,2,1,29,352,42,4,9,8,0,0,3419
1470,0,1,82,9,22,3,1,3,0,0,3080
1471,2,0,68,58,24,4,4,3,0,0,3313
1472,2,1,65,5,5,1,1,3,0,0,3318
1473,4,2,99,553,144,1,8,4,1,1,3556
1474,2,1,9,422,153,2,6,7,0,0,3480
1475,2,1,20,26,12,2,3,4,0,0,3392
1476,3,0,78,717,43,1,7,10,0,0,3473
1477,4,1,26,13,0,1,2,3,0,0,3129
1478,3,0,68,54,36,1,3,4,0,0,3134
1479,4,1,79,60,30,2,7,13,0,1,3046
1480,2,1,25,303,170,7,10,12,0,0,3344
1481,2,1,83,135,99,3,5,12,0,0,3557
1482,0,0,32,12,7,1,1,3,0,0,3146
1483,2,0,49,9,16,2,1,3,0,0,3201
1484,0,1,50,259,34,2,7,6,0,0,3586
1485,3,1,84,142,8,3,6,13,0,0,3373
1486,3,0,96,687,31,1,4,4,0,0,2897
1487,4,1,56,30,8,7,8,5,0,1,2909
1488,2,1,85,161,107,2,11,8,0,0,3424
1489,3,0,63,171,30,5,6,5,0,0,3121
1490,4,1,17,309,21,10,7,9,1,0,3260
1491,4,1,11,40,15,4,6,4,0,0,3414
1492,2,0,62,815,33,1,7,10,1,2,3227
1493,2,0,48,178,17,7,7,9,0,0,3161
1494,2,0,86,30,15,2,2,4,0,0,3090
1495,2,0,73,295,47,2,4,13,0,0,3044
1496,2,0,36,12,1,1,2,3,0,0,3100
1497,4,1,34,101,34,6,4,9,1,1,3572
1498,2,1,16,253,14,4,9,7,0,0,3483
1499,2,0,48,385,89,1,9,13,0,0,3422
1500,3,1,61,57,125,7,4,5,0,0,3393
1501,0,0,54,10,10,1,1,3,0,0,3026
1502,2,0,56,108,50,6,7,6,1,0,3571
1503,3,1,74,91,97,13,8,9,0,0,3491
1504,4,0,35,120,39,2,5,5,1,1,3568
1505,3,0,65,125,26,1,4,6,0,0,2991
1506,3,1,48,109,92,9,5,10,0,0,3245
1507,0,1,88,189,57,6,11,5,0,1,3489
1508,4,0,19,170,35,1,2,13,0,0,3137
1509,2,1,21,165,82,5,5,12,0,0,3276
1510,2,0,27,400,45,1,3,10,0,0,3037
1511,3,1,86,27,36,4,3,2,0,0,3570
1512,2,1,92,428,107,3,10,9,0,0,3471
1513,2,0,1,706,197,1,4,9,0,0,2953
1514,0,0,14,10,30,1,3,2,1,0,3315
1515,2,0,74,87,51,2,4,4,0,0,3000
1516,2,1,84,85,77,5,10,8,0,0,3468
1517,2,0,4,12,12,1,2,4,0,0,3183
1518,3,0,50,40,18,1,3,3,0,0,3172
1519,2,0,2,26,39,2,2,3,1,0,3485
1520,4,0,73,724,55,1,10,6,1,0,3281
1521,2,0,21,827,196,1,4,12,0,0,3289
1522,2,0,82,21,8,1,2,3,0,0,3032
1523,4,0,14,19,3,2,2,3,0,0,2944
1524,2,0,56,1,1,0,0,0,0,0,3332
1525,2,1,20,184,21,12,7,9,0,0,3476
1526,4,0,54,377,57,0,4,7,0,0,2975
1527,2,1,77,17,21,3,2,2,0,0,3455
1528,4,0,5,560,48,1,4,4,1,1,3015
1529,2,1,65,3,20,2,1,3,0,0,3352
1530,0,1,33,219,47,4,6,13,0,1,3455
1531,0,1,65,33,13,6,5,5,0,1,3300
1532,4,1,41,134,8,4,7,13,0,0,2905
1533,3,1,86,27,36,4,3,2,1,0,3570
1534,0,0,92,7,45,2,3,3,0,0,3553
1535,0,0,97,101,5,6,5,5,0,0,3522
1536,2,0,91,7,4,1,1,2,0,0,3081
1537,4,0,0,441,102,1,3,6,1,0,3094
1538,4,1,59,76,10,3,3,9,0,1,3511
1539,3,0,4,469,91,3,11,12,0,0,3423
1540,2,0,5,24,5,2,3,4,0,0,2983
1541,3,1,48,270,54,4,9,12,0,0,3368
1542,2,0,99,701,63,1,5,10,0,0,3467
1543,4,2,81,3,1,1,0,3,0,0,3289
1544,2,1,95,115,30,3,9,10,0,0,3557
1545,3,0,43,16,11,1,3,3,0,0,3422
1546,0,0,5,12,20,1,2,3,0,0,3190
1547,2,0,50,50,49,1,4,3,1,0,3487
1548,2,1,76,179,65,2,8,7,0,0,3415
1549,0,1,46,2,6,1,0,3,0,0,3347
1550,3,1,68,27,1,1,1,4,0,0,3150
1551,0,0,33,255,81,1,4,7,0,0,3003
1552,2,1,50,368,21,1,6,6,0,0,3555
1553,2,0,85,415,200,1,4,4,0,1,2927
1554,2,1,63,217,11,5,9,12,0,0,3576
1555,3,1,89,6,5,2,1,3,0,0,3177
1556,3,1,81,44,19,7,4,4,1,1,3499
1557,2,0,77,3,5,1,1,2,0,0,3270
1558,2,1,50,22,28,4,2,4,0,0,3412
1559,4,1,10,168,133,3,7,13,0,0,3233
1560,2,0,30,59,36,2,3,4,0,0,3390
1561,3,2,66,26,21,6,7,7,0,0,3127
1562,2,0,16,4,0,1,1,2,0,0,3495
1563,2,1,12,278,38,1,5,5,0,0,2901
1564,2,0,30,40,3,2,3,3,0,0,2903
1565,2,1,8,88,22,2,6,5,0,0,3416
1566,3,1,93,254,12,4,5,10,0,1,3464
1567,2,1,14,171,31,2,5,12,0,0,2965
1568,4,1,53,108,36,5,11,6,1,0,3530
1569,4,2,26,180,66,11,6,5,0,0,3349
1570,4,0,23,115,45,1,7,12,1,1,3472
1571,2,1,92,14,5,3,2,3,0,0,3493
1572,3,0,29,915,96,1,3,10,1,0,3026
1573,3,0,41,23,11,1,1,3,0,0,3134
1574,2,0,56,108,50,6,7,6,1,0,3571
1575,4,1,19,23,12,4,5,5,0,0,3347
1576,2,0,4,67,24,1,3,3,1,0,2988
1577,4,0,89,465,0,1,4,8,0,1,2952
1578,2,0,71,66,20,1,2,4,0,0,3263
1579,3,1,81,134,24,1,7,7,0,0,3412
1580,2,1,31,5,1,1,1,2,0,0,3047
1581,3,0,53,639,10,1,4,5,0,0,3090
1582,2,0,78,573,15,1,5,6,0,0,3099
1583,3,1,80,10,3,2,2,3,0,0,2957
1584,2,0,18,424,76,1,3,13,1,0,3014
1585,4,1,37,8,20,2,1,2,1,1,2931
1586,3,1,52,52,13,4,3,4,1,0,3569
1587,2,0,39,68,43,1,3,6,0,0,2892
1588,2,0,11,45,2,7,3,5,0,0,3335
1589,2,0,33,625,48,1,7,12,0,1,3077
1590,4,1,22,28,4,2,3,4,0,0,3460
1591,2,0,83,315,41,1,4,5,0,0,3390
1592,1,0,43,5,27,1,2,2,0,1,3557
1593,3,1,74,74,14,3,6,5,0,0,3197
1594,4,1,54,3,7,1,2,4,0,0,2975
1595,4,1,3,50,42,5,7,6,1,0,3509
1596,3,1,96,19,6,5,3,4,0,0,3024
1597,2,0,68,129,47,3,7,4,0,1,3147
1598,2,0,2,309,35,1,2,13,0,0,3529
1599,4,0,40,6,5,1,1,3,0,0,2955
1600,3,1,64,88,73,4,8,3,0,0,3257
1601,3,0,26,649,108,1,4,12,0,1,3531
1602,3,0,69,215,63,1,4,10,0,1,3283
1603,2,1,57,6,2,2,1,3,0,0,3193
1604,2,1,78,21,3,2,2,3,0,0,3009
1605,4,1,71,4,0,1,2,2,0,0,3227
1606,2,1,59,422,28,4,5,11,0,0,3419
1607,0,0,28,230,40,5,10,4,0,1,3346
1608,3,1,61,15,11,5,7,5,0,0,3002
1609,4,1,22,69,9,1,4,8,0,0,2969
1610,2,0,95,832,38,1,4,11,0,0,3578
1611,0,0,38,15,13,1,2,3,0,0,3462
1612,2,0,19,575,77,1,6,9,1,1,3206
1613,2,0,92,128,10,4,5,5,0,0,3214
1614,2,1,24,10,7,2,1,2,1,0,3072
1615,2,0,21,215,76,3,5,13,0,0,3157
1616,2,0,35,5,2,1,1,2,0,0,3135
1617,2,0,9,99,17,2,3,7,0,0,2932
1618,2,1,23,75,6,1,4,5,0,0,3043
1619,3,1,92,76,199,7,9,9,0,0,3488
1620,4,1,55,17,5,1,3,4,0,1,3203
1621,2,0,14,20,20,3,2,4,0,0,3423
1622,0,0,78,447,32,1,5,6,0,0,3532
1623,2,1,64,104,126,9,8,6,0,0,3419
1624,2,1,49,16,18,4,3,5,0,0,3412
1625,4,1,8,6,9,2,5,4,0,0,3008
1626,4,1,35,153,41,6,3,10,0,0,3549
1627,4,0,11,142,88,1,6,8,0,0,3359
1628,2,0,8,23,10,3,4,2,1,0,3017
1629,0,0,53,35,12,1,3,3,0,0,3137
1630,4,1,36,420,71,1,9,13,0,0,3192
1631,4,0,64,51,24,3,4,5,0,0,3141
1632,4,1,43,10,0,2,2,4,0,0,2987
1633,2,0,40,8,1,1,1,2,0,0,3265
1634,4,2,52,69,38,2,4,4,0,0,3154
1635,4,1,11,70,35,6,11,7,0,0,3333
1636,2,1,21,71,82,2,8,7,0,0,3267
1637,2,0,23,373,93,1,3,12,0,0,3160
1638,2,1,17,10,4,2,2,3,0,0,2900
1639,3,0,6,5,7,1,1,3,0,0,3257
1640,3,1,56,14,7,1,1,3,0,0,2988
1641,4,2,71,61,215,5,2,6,1,3,3169
1642,2,1,51,214,75,8,9,7,0,0,3500
1643,1,0,94,6,9,1,1,3,0,0,3091
1644,0,0,27,134,56,1,7,8,0,0,2948
1645,3,0,1,6,3,1,0,3,0,0,3305
1646,3,1,56,68,19,2,6,6,0,0,3089
1647,2,0,71,179,85,1,5,12,0,1,2903
1648,2,0,18,599,127,1,7,7,1,0,3297
1649,4,1,48,32,16,3,2,4,0,0,2943
1650,2,0,86,8,18,3,2,3,0,0,3013
1651,2,0,48,265,31,1,3,12,1,0,3568
1652,2,1,2,28,26,3,3,2,1,0,3550
1653,2,0,13,1725,1,0,0,0,0,0,3316
1654,4,1,57,5,8,2,1,3,0,0,3232
1655,3,0,77,23,4,1,2,3,0,0,3003
1656,3,1,0,76,30,3,5,5,0,0,3287
1657,4,1,57,92,38,1,5,13,0,0,3037
1658,0,1,24,160,134,6,7,6,0,0,3230
1659,2,0,55,536,34,1,4,6,1,1,2896
1660,4,1,62,143,52,9,6,7,0,0,3313
1661,2,0,89,82,42,4,5,3,0,0,3300
1662,2,1,77,230,65,2,6,12,0,0,2921
1663,2,1,45,12,19,3,3,2,0,0,3060
1664,4,0,46,15,6,1,1,3,0,0,3181
1665,0,0,80,20,9,1,2,3,0,0,3265
1666,4,2,60,91,7,1,6,12,0,0,3203
1667,4,1,71,3,7,3,1,4,0,0,3072
1668,4,0,43,199,30,2,7,13,0,0,3112
1669,4,1,97,265,27,2,11,11,1,1,3382
1670,4,0,49,46,10,2,4,5,1,2,3224
1671,2,0,66,768,53,1,5,6,0,0,3187
1672,3,0,20,673,40,1,7,10,1,0,3424
1673,0,0,54,323,107,1,6,6,0,1,3281
1674,2,1,61,363,161,4,8,13,0,0,3474
1675,0,0,18,22,9,1,1,4,0,0,3468
1676,2,0,45,110,15,4,5,4,0,0,3351
1677,1,0,26,4,10,1,1,3,0,0,3257
1678,4,0,0,73,23,2,5,8,0,0,3392
1679,2,0,28,31,5,1,2,3,0,0,3047
1680,2,0,49,499,88,1,5,7,0,1,3154
1681,2,1,84,28,33,4,3,3,0,0,3053
1682,4,1,38,10,4,4,2,4,0,0,3493
1683,4,0,53,3,1,1,0,3,0,0,2915
1684,2,1,88,41,46,2,4,5,0,0,3137
1685,2,1,99,8,4,1,1,3,0,0,2986
1686,3,0,12,850,83,1,4,5,1,0,3580
1687,2,1,35,61,46,4,10,7,1,3,3231
1688,2,1,5,206,80,4,8,12,0,0,3431
1689,2,0,77,324,84,1,3,11,0,0,3235
1690,2,1,45,82,100,3,7,9,0,0,3235
1691,3,0,71,414,85,1,8,6,0,0,3248
1692,4,0,40,5,7,1,1,2,0,0,3385
1693,0,0,82,2,12,1,1,2,0,0,3561
1694,2,0,70,19,14,1,2,3,0,0,3435
1695,2,1,87,217,26,2,3,13,0,0,3292
1696,0,1,95,4,7,1,1,2,0,0,3538
1697,4,0,72,127,20,0,4,5,0,0,3377
1698,4,1,5,2,1,1,1,3,0,0,3535
1699,3,2,86,520,107,2,9,8,0,0,3006
1700,2,1,80,342,180,5,8,11,0,0,3557
1701,3,1,62,14,2,3,3,3,0,0,2981
1702,2,0,49,19,4,3,3,4,0,0,3111
1703,4,1,85,65,13,6,8,9,0,0,2990
1704,1,0,7,16,42,4,3,3,1,0,3525
1705,4,0,6,69,3,3,3,4,0,0,3169
1706,3,1,25,194,12,4,7,13,0,0,3537
1707,2,1,55,107,20,2,5,4,0,0,3572
1708,2,0,81,124,52,1,7,10,0,0,3068
1709,4,1,98,31,7,1,3,5,0,0,3010
1710,2,0,31,835,101,1,4,10,1,4,2902
1711,3,1,30,396,58,1,8,7,1,2,3195
1712,2,1,98,11,7,1,1,4,0,0,3336
1713,2,0,92,936,26,1,5,12,0,0,3486
1714,1,0,41,11,20,2,3,3,0,0,2921
1715,2,0,68,141,187,6,6,5,0,0,3483
1716,2,1,78,367,40,2,6,6,0,0,3295
1717,2,1,46,9,6,2,2,3,0,0,2942
1718,2,1,71,71,29,5,4,4,0,0,3187
1719,4,1,6,184,107,4,7,9,1,1,3471
1720,2,0,82,1,2,1,1,2,0,0,3422
1721,4,0,71,935,22,1,7,12,1,2,3314
1722,2,0,32,853,111,1,5,7,1,2,3087
1723,4,0,28,558,79,0,6,13,0,0,2978
1724,4,0,20,115,18,5,6,5,1,0,3042
1725,3,0,10,31,7,3,2,3,1,0,2962
1726,2,1,7,56,0,5,4,6,1,0,3498
1727,1,1,67,13,20,1,1,2,0,0,3428
1728,3,1,48,270,54,4,9,12,0,0,3368
1729,2,1,61,217,195,2,7,13,0,0,3387
1730,4,1,36,14,6,2,2,3,0,0,2988
1731,2,0,77,7,19,1,1,2,0,0,3438
1732,2,1,90,10,25,1,1,2,0,1,3318
1733,2,0,35,509,107,1,3,12,0,0,2999
1734,0,1,38,97,26,1,5,10,0,0,3309
1735,2,1,46,250,14,4,7,5,0,0,3386
1736,2,1,33,223,16,2,8,8,0,0,2956
1737,2,0,70,442,29,1,4,13,0,0,3105
1738,2,1,51,131,6,4,6,6,0,1,2926
1739,4,0,18,11,3,1,1,3,0,0,3090
1740,2,1,97,12,32,2,4,3,0,1,2956
1741,2,0,32,86,66,5,6,5,0,0,3327
1742,4,0,9,29,25,1,3,3,1,0,2922
1743,2,0,6,751,191,1,6,13,1,0,3419
1744,4,1,80,62,15,2,11,7,0,0,3415
1745,2,0,74,693,88,1,4,7,0,0,3501
1746,1,0,49,3,8,1,1,2,0,0,3476
1747,3,0,21,195,141,1,6,13,0,0,3164
1748,2,1,95,206,149,3,7,10,0,0,3286
1749,4,0,56,454,43,2,4,5,0,2,3373
1750,4,1,48,118,21,3,8,5,1,1,3511
1751,2,1,26,106,106,5,5,5,0,0,3545
1752,0,0,3,7,11,1,1,3,0,0,3012
1753,4,1,39,47,34,4,7,7,1,1,3392
1754,2,1,33,12,7,3,2,3,0,0,3441
1755,1,1,42,4,7,4,1,4,0,0,3359
1756,2,1,80,23,24,3,2,3,0,0,3125
1757,3,0,9,60,16,2,5,2,1,0,3219
1758,4,1,52,6,5,2,1,4,0,0,2940
1759,2,0,78,204,60,3,7,7,0,0,3289
1760,0,1,68,96,59,3,7,8,0,0,3182
1761,0,0,45,8,17,2,2,3,0,0,3366
1762,2,1,47,85,58,2,3,8,0,0,3139
1763,2,1,34,171,50,1,9,9,0,0,3203
1764,0,0,81,7,11,2,2,3,0,0,3185
1765,2,1,72,250,62,3,9,12,0,0,3350
1766,4,0,23,2,1,1,1,3,0,0,2903
1767,2,0,29,413,32,1,2,6,0,0,3307
1768,1,0,80,7,10,1,2,3,0,0,2904
1769,3,1,30,26,72,2,3,3,0,1,3142
1770,4,0,15,30,11,3,3,3,1,0,3539
1771,4,0,86,63,24,1,4,4,0,0,3327
1772,2,0,68,534,26,1,3,12,0,0,3522
1773,4,0,54,462,53,1,2,7,0,0,3276
1774,2,1,44,3,0,1,1,3,0,0,2993
1775,2,1,7,56,0,5,4,6,1,0,3498
1776,2,0,87,68,17,4,3,4,0,0,3559
1777,4,0,59,46,12,2,5,5,0,0,3514
1778,4,0,16,18,13,1,3,2,0,0,3217
1779,0,0,1,112,29,1,2,13,0,0,3222
1780,1,0,64,7,15,2,2,3,0,0,3449
1781,4,1,72,21,25,3,2,4,0,0,3022
1782,2,0,98,168,30,1,9,10,0,0,3513
1783,2,1,91,170,17,2,11,10,0,0,3103
1784,2,1,8,60,15,5,5,5,1,0,3434
1785,2,1,20,56,31,4,5,4,0,0,3493
1786,2,1,6,38,69,5,6,6,0,0,3536
1787,2,0,54,30,30,1,2,4,0,0,3092
1788,0,1,72,128,128,13,2,12,0,0,3560
1789,2,1,46,292,79,1,6,11,0,0,3129
1790,2,1,11,15,17,3,2,3,0,0,3218
1791,4,1,21,9,1,2,1,4,0,0,2968
1792,0,0,89,350,100,1,3,13,0,0,3208
1793,2,0,82,21,8,1,2,3,0,0,3032
1794,2,1,69,41,67,5,3,3,0,1,3241
1795,3,1,55,10,20,1,1,2,0,0,3270
1796,2,1,13,90,52,1,3,8,0,0,3159
1797,3,0,80,30,9,2,3,3,0,0,2964
1798,2,2,97,70,17,2,6,4,0,1,2913
1799,0,0,27,134,56,1,7,8,0,0,2948
1800,2,1,99,279,183,2,7,10,0,0,2892
1801,2,1,87,629,37,1,10,13,0,0,3513
1802,3,1,85,10,36,2,3,4,0,0,3317
1803,2,1,30,137,39,9,5,8,1,0,3356
1804,2,1,82,5,11,2,1,2,0,1,3060
1805,2,1,21,165,82,5,5,12,0,0,3276
1806,4,2,92,33,291,0,23,1,0,0,3094
1807,2,1,95,2,10,4,2,4,0,0,3280
1808,2,0,2,981,17,1,4,6,1,0,2952
1809,4,0,74,586,37,1,3,8,0,1,3491
1810,2,1,49,10,1,2,1,3,0,0,3523
1811,4,1,71,163,122,6,4,7,0,0,3480
1812,3,0,72,232,17,1,4,6,0,1,2891
1813,2,0,68,565,70,1,2,6,0,1,3415
1814,2,1,4,300,150,3,5,8,0,0,3390
1815,4,0,80,9,1,1,1,3,0,0,3233
1816,0,1,15,106,42,2,9,9,0,1,3164
1817,2,0,70,419,153,1,5,9,1,0,3235
1818,2,2,91,87,34,3,6,8,0,0,3192
1819,4,1,10,3,1,1,1,2,0,0,2904
1820,2,1,99,398,61,3,5,5,0,1,2973
1821,3,1,25,9,3,2,2,3,0,0,3151
1822,3,1,34,31,12,3,2,4,0,0,3158
1823,2,1,57,141,162,3,4,12,0,0,3214
1824,0,0,84,241,232,2,9,9,0,0,3553
1825,2,0,51,11,9,1,1,2,0,0,3177
1826,4,1,97,54,50,2,5,6,0,0,3198
1827,2,0,13,697,166,1,4,5,1,0,3389
1828,3,0,92,736,92,1,3,9,0,0,3292
1829,3,0,30,36,48,3,4,2,1,0,3293
1830,2,0,30,24,9,2,4,3,0,0,3154
1831,2,1,11,22,31,3,4,4,0,0,3361
1832,4,1,72,142,35,8,6,13,0,0,3387
1833,2,0,39,66,34,3,4,4,0,0,2991
1834,2,1,0,57,22,4,2,5,1,0,3181
1835,2,1,15,24,3,3,2,3,0,0,3456
1836,4,0,12,456,66,1,2,13,0,0,3183
1837,2,1,56,43,20,3,4,6,0,1,3354
1838,0,1,39,47,192,2,7,3,0,0,3585
1839,4,1,55,397,176,11,8,9,1,0,3535
1840,4,0,60,56,7,3,4,4,0,0,3393
1841,3,0,73,602,72,1,3,4,1,2,3281
1842,3,0,90,19,3,2,2,3,0,0,2957
1843,3,0,86,408,85,1,4,6,0,0,3192
1844,3,1,37,119,11,5,6,6,0,0,3094
1845,4,0,7,273,63,1,6,6,1,2,3545
1846,4,1,29,1,1,15,0,0,0,0,2896
1847,2,0,19,28,16,1,2,3,0,0,3246
1848,4,1,14,53,40,3,8,6,0,0,3059
1849,2,0,72,8,9,2,1,3,0,0,3037
1850,0,0,56,590,67,1,5,12,1,1,3539
1851,2,0,85,4,2,1,1,2,0,0,3296
1852,4,0,62,899,53,1,4,10,0,0,3498
1853,2,0,1,816,30,1,4,4,1,0,3424
1854,4,0,28,420,38,1,8,7,1,0,3182
1855,3,1,70,72,12,4,10,10,0,2,3211
1856,3,1,84,13,13,1,2,4,0,0,3479
1857,3,0,89,18,18,1,2,4,0,0,3250
1858,4,0,73,603,29,1,2,12,0,0,3409
1859,2,0,42,203,97,2,8,7,0,0,3539
1860,4,1,16,124,26,1,5,5,0,0,3489
1861,0,0,16,0,6,1,1,2,0,0,3086
1862,2,1,56,100,27,1,4,8,0,0,3216
1863,2,0,65,239,53,1,5,4,0,0,3148
1864,2,0,10,459,95,1,6,7,1,0,3487
1865,2,1,13,71,59,11,8,7,1,1,3520
1866,3,1,78,13,8,3,2,3,0,0,3186
1867,2,0,51,10,2,1,1,3,0,0,2939
1868,3,0,27,52,20,4,9,4,0,0,3526
1869,0,0,30,754,183,1,5,6,1,2,3001
1870,4,0,71,15,8,2,2,3,0,0,3010
1871,2,1,97,153,57,2,7,11,0,0,3272
1872,2,1,83,8,8,2,2,3,0,0,2964
1873,4,1,3,132,26,6,6,11,0,0,3433
1874,2,1,71,3,0,1,1,3,0,0,2961
1875,0,0,3,6,16,1,1,3,0,0,3032
1876,3,0,15,243,219,3,9,8,1,0,3572
1877,2,0,52,445,203,1,3,9,0,1,3049
1878,4,1,8,240,57,2,7,10,0,0,3385
1879,2,0,89,338,46,3,5,13,0,0,3239
1880,4,0,66,304,33,1,5,4,1,0,3512
1881,4,0,22,6,12,2,1,2,1,1,2950
1882,4,1,56,16,4,2,4,4,0,0,2962
1883,3,1,74,157,108,1,5,11,0,1,3296
1884,4,0,48,12,0,1,1,3,0,0,2931
1885,2,0,67,133,12,2,7,7,0,0,3493
1886,4,1,24,9,14,1,1,2,0,0,3051
1887,4,0,67,835,35,1,5,5,1,1,3124
1888,2,1,38,177,30,4,9,7,0,0,3183
1889,2,0,86,110,27,2,6,4,0,1,3378
1890,4,0,90,768,172,1,4,5,0,0,3557
1891,3,0,87,612,153,1,4,8,0,2,2948
1892,2,0,62,16,5,2,2,3,0,0,3408
1893,2,1,23,56,28,8,10,6,0,2,2916
1894,2,0,99,208,43,1,2,5,0,0,2924
1895,2,1,29,43,15,2,3,6,0,0,3142
1896,1,0,52,10,36,1,1,2,0,1,3548
1897,4,0,90,430,79,1,4,4,0,0,2980
1898,4,0,9,3,3,0,27,0,0,0,2922
1899,4,1,71,68,14,2,3,8,0,0,3271
1900,4,1,13,18,4,2,2,3,0,0,3381
1901,2,0,16,14,11,1,1,3,0,0,2967
1902,3,0,94,80,11,1,4,6,0,0,2993
1903,2,0,77,24,2,3,3,3,0,0,3138
1904,2,1,20,18,9,2,3,8,0,1,3045
1905,2,0,51,265,53,1,3,6,0,0,3304
1906,4,1,81,237,76,4,6,7,0,0,3186
1907,2,0,71,16,6,1,3,3,0,0,3034
1908,2,0,36,9,5,1,1,3,0,0,3357
1909,3,0,95,13,19,1,1,2,0,1,3166
1910,0,0,32,352,28,0,3,13,0,0,2960
1911,2,1,32,175,107,2,7,5,0,1,3486
1912,3,0,85,430,15,1,4,13,0,0,3513
1913,2,1,93,500,133,3,5,5,1,2,3566
1914,4,1,24,71,174,6,10,10,0,0,3410
1915,2,1,44,120,137,7,4,8,1,3,3564
1916,2,0,15,8,18,1,1,4,0,0,3388
1917,4,0,82,15,7,2,3,3,0,0,3284
1918,2,0,27,24,18,1,2,4,0,0,3384
1919,4,1,72,4,2,1,1,2,0,0,3440
1920,0,1,7,5,23,1,1,4,0,0,2897
1921,0,1,57,100,185,2,6,12,0,0,3051
1922,2,0,84,119,27,0,7,6,1,4,3507
1923,3,0,53,281,33,1,7,13,0,0,3161
1924,2,1,48,401,22,3,11,11,0,0,3427
1925,3,0,2,9,5,1,1,3,0,0,3187
1926,4,1,65,45,34,3,4,11,0,3,3473
1927,2,0,45,753,27,1,3,7,0,0,3261
1928,2,0,42,350,108,1,9,6,1,0,3483
1929,3,1,29,157,91,5,9,7,0,0,3267
1930,4,1,83,36,1,1,2,4,0,0,3111
1931,4,1,93,127,69,2,4,7,0,0,3164
1932,3,0,40,19,8,3,3,3,0,0,3063
1933,3,0,47,18,18,2,3,2,0,0,2979
1934,2,1,50,185,100,2,6,9,0,0,3337
1935,0,1,40,15,3,2,1,3,0,0,3551
1936,4,1,3,202,8,5,4,9,1,0,3366
1937,4,1,62,30,0,3,11,8,1,0,3477
1938,3,1,25,4,1,1,0,3,0,0,2988
1939,2,0,48,4,4,1,1,4,0,0,3192
1940,4,0,56,322,112,1,5,5,1,2,3033
1941,2,1,68,14,4,1,1,3,0,0,3421
1942,2,0,64,6,6,1,1,3,0,0,3581
1943,2,0,67,216,224,1,4,12,0,0,2955
1944,3,0,94,38,41,2,2,3,0,0,3543
1945,2,0,82,654,114,2,3,10,0,0,3398
1946,2,0,3,459,145,2,3,7,1,0,3494
1947,3,1,24,350,15,1,4,10,0,0,2899
1948,2,1,54,34,3,3,3,3,0,0,3345
1949,2,1,20,26,12,2,3,4,0,0,3392
1950,4,0,96,7,6,1,3,4,0,0,3246
1951,2,1,19,103,49,2,3,10,0,0,3174
1952,2,0,60,567,108,1,4,10,0,0,2938
1953,4,0,2,653,0,1,10,8,1,0,3575
1954,4,0,13,89,13,1,4,9,0,0,3108
1955,4,0,37,345,32,1,1,7,0,0,2947
1956,2,0,59,7,1,1,1,3,0,0,3053
1957,2,1,55,86,27,5,5,5,0,1,3505
1958,2,0,60,951,17,1,6,10,1,0,3322
1959,4,1,48,32,16,3,2,4,0,0,2943
1960,3,1,38,98,89,3,8,10,0,0,3251
1961,4,0,8,128,160,1,5,6,1,3,3245
1962,2,1,19,14,1,3,2,4,0,0,2902
1963,2,1,32,44,43,3,3,3,1,0,3309
1964,2,1,27,15,24,1,3,4,0,0,3065
1965,2,0,58,815,49,1,6,12,0,0,3199
1966,2,1,59,172,93,2,8,10,0,0,3140
1967,2,1,29,239,21,2,6,12,0,0,3011
1968,2,0,60,553,53,1,3,7,1,1,3377
1969,3,0,41,376,13,1,3,11,0,1,3047
1970,2,1,27,199,26,2,6,5,0,1,3390
1971,2,0,28,9,12,1,1,3,0,1,2986
1972,2,1,8,60,15,5,5,5,1,0,3434
1973,2,1,18,73,50,2,6,5,0,0,3338
1974,0,1,76,37,18,3,3,5,0,0,3124
1975,2,1,0,12,321,0,25,0,0,0,3157
1976,0,0,32,137,53,2,4,8,0,0,3586
1977,4,1,2,18,10,4,3,4,0,0,3172
1978,2,0,16,17,13,1,2,2,1,0,2970
1979,3,0,56,12,9,1,1,2,1,1,3461
1980,2,0,97,62,44,3,4,4,0,0,3377
1981,4,0,15,30,11,3,3,3,1,0,3539
1982,2,0,35,797,143,0,5,9,0,1,3027
1983,3,1,3,44,22,1,2,4,0,0,3274
1984,2,1,49,81,27,8,6,5,0,0,3392
1985,2,1,4,6,3,1,0,3,0,0,3442
1986,2,1,45,33,42,6,4,5,0,0,3398
1987,2,0,37,101,117,1,3,3,0,0,3262
1988,2,0,39,54,29,3,3,4,0,0,3141
1989,2,1,38,130,51,2,3,8,0,0,2967
1990,4,0,8,592,55,1,5,8,1,1,3085
1991,3,1,89,27,21,2,3,4,0,0,3348
1992,3,0,47,746,48,0,9,11,1,0,3145
1993,2,1,75,417,16,1,5,5,0,1,2977
1994,2,1,86,9,5,2,1,3,0,0,3328
1995,0,0,4,125,62,0,7,8,1,2,2927
1996,2,0,73,117,44,1,6,4,1,1,3559
1997,4,1,46,133,31,3,4,8,0,0,3441
1998,4,0,38,141,23,4,7,6,0,1,3419
1999,0,1,73,67,67,1,4,6,0,0,3068
2000,2,0,66,8,3,1,1,3,0,0,3368
2001,4,0,36,5,0,1,1,2,0,0,3077
2002,2,0,29,19,22,3,3,2,1,0,3551
2003,2,0,29,3,0,1,0,3,0,0,2907
2004,3,1,6,16,8,3,2,4,0,0,3174
2005,2,1,97,13,2,2,2,3,0,0,3124
2006,2,1,61,428,80,3,8,8,0,0,3470
2007,2,1,68,31,91,4,5,3,0,1,3391
2008,4,1,73,49,20,1,3,7,0,0,3175
2009,4,1,90,113,35,3,8,10,0,0,3009
2010,2,0,81,932,86,1,5,5,0,0,3295
2011,2,0,1,33,12,3,4,4,0,0,3390
2012,2,0,79,735,21,1,7,9,1,2,3217
2013,1,0,92,122,30,6,11,8,0,0,3408
2014,2,0,31,417,41,1,2,13,1,0,3581
2015,0,1,46,2,6,1,0,3,0,0,3347
2016,2,0,14,14,10,1,2,2,1,0,3375
2017,2,1,89,16,3,3,2,3,0,0,3330
2018,2,1,31,2,2,2,1,3,0,0,2981
2019,2,2,75,5,6,1,0,3,0,0,3532
2020,2,0,42,17,13,3,2,4,0,0,3027
2021,3,0,53,29,15,1,2,3,0,0,3340
2022,2,1,53,68,5,6,4,5,0,0,3049
2023,3,1,23,242,11,2,8,6,0,0,3034
2024,4,1,57,226,204,2,8,13,0,0,3388
2025,3,0,49,17,3,2,2,4,0,0,3016
2026,2,1,6,3,8,1,0,3,0,0,3364
2027,2,0,29,6,12,1,1,3,0,0,3145
2028,3,1,5,223,42,4,10,7,1,1,3550
2029,0,0,98,17,34,4,2,3,0,0,3587
2030,4,1,80,215,36,2,11,4,1,1,3366
2031,2,1,4,322,143,3,7,11,0,0,3105
2032,2,0,70,23,1,3,3,3,0,0,3119
2033,2,1,32,364,232,4,11,8,0,0,3316
2034,2,0,82,92,145,1,6,3,0,1,3164
2035,2,1,27,76,38,2,3,7,0,0,3096
2036,2,1,94,257,61,4,10,12,0,0,3523
2037,2,1,23,216,24,4,4,10,0,0,3283
2038,2,0,97,36,12,1,2,3,0,0,3348
2039,2,0,25,323,78,1,10,10,0,1,3396
2040,2,0,92,197,149,1,5,8,0,0,3313
2041,2,2,98,650,102,10,4,9,0,0,3532
2042,2,0,19,15,2,2,2,3,0,0,3102
2043,3,0,80,7,3,1,2,3,0,0,3100
2044,2,0,80,64,116,8,4,6,0,0,3546
2045,2,0,79,99,43,3,4,4,0,0,3101
2046,2,1,50,21,7,1,3,4,0,0,2910
2047,2,0,60,264,34,1,7,12,0,1,3181
2048,2,0,44,426,58,2,2,5,1,0,3571
2049,0,0,0,535,26,1,5,10,0,0,3074
2050,2,1,28,12,5,1,1,3,0,0,3367
2051,2,1,35,51,95,6,7,6,0,1,3170
2052,2,1,49,214,35,2,6,4,0,0,2897
2053,3,1,46,16,4,2,3,3,0,0,2917
2054,2,1,97,11,15,1,1,3,0,0,2893
2055,2,0,51,27,39,1,3,3,0,0,3357
2056,2,0,80,447,31,3,2,12,0,0,3521
2057,4,1,10,168,133,3,7,13,0,0,3233
2058,2,1,29,143,196,2,9,12,0,0,3430
2060,2,0,74,56,14,3,3,3,0,0,3074
2062,4,0,54,348,130,1,4,8,0,0,3137
2063,2,1,93,11,0,2,2,3,0,0,3423
2064,2,1,63,217,11,5,9,12,0,0,3576
2065,2,1,92,133,107,2,4,4,0,0,3429
2066,2,0,40,15,7,1,2,3,0,0,3186
2067,4,1,70,332,16,2,4,4,0,0,3498
2068,2,0,96,20,28,2,3,4,0,0,2975
2069,2,0,81,15,11,1,1,3,0,0,3143
2070,2,1,63,94,24,3,6,8,0,0,3218
2071,2,1,85,178,33,1,6,10,0,0,3076
2072,2,0,51,11,9,1,1,2,0,0,3177
2073,4,0,23,267,35,2,5,11,1,0,3425
2074,2,0,95,414,93,1,9,5,0,0,3247
2075,2,0,11,241,54,2,5,7,1,0,3032
2076,3,0,42,4,8,1,1,2,0,0,3249
2077,1,0,77,24,31,1,2,3,0,0,2984
2080,2,0,40,46,49,2,3,4,0,0,3562
2082,2,1,32,23,92,4,6,5,0,0,3489
2083,2,0,48,385,89,1,9,13,0,0,3422
2085,2,1,24,161,37,3,8,7,0,0,3388
2086,0,0,61,607,49,1,4,7,0,0,3451
2087,2,1,6,380,43,1,6,7,0,1,2980
2088,2,0,16,15,12,2,1,4,0,0,3158
2089,3,1,39,5,4,1,0,3,0,0,3125
2090,3,1,2,140,11,7,5,8,1,0,3192
2091,1,0,49,4,5,1,1,2,0,0,3141
2092,2,1,31,124,42,1,4,7,0,0,2948
2094,3,1,5,223,42,4,10,7,1,1,3550
2095,4,1,90,10,1,1,1,3,0,0,3294
2096,2,0,47,445,108,1,3,8,0,0,3162
2097,2,1,25,26,44,5,4,5,0,0,3287
2098,3,0,60,278,185,2,4,10,1,1,3528
2099,2,1,67,128,76,1,2,4,0,3,3467
2100,3,1,40,8,6,1,1,3,0,0,2991
2101,4,1,63,356,0,3,6,11,0,0,2928
2102,0,0,1,8,16,2,1,3,1,0,3540
2103,4,1,89,230,36,2,8,6,0,1,3020
2104,1,0,40,11,27,1,2,4,0,0,3376
2105,1,0,5,5,17,2,2,3,0,0,3498
2106,3,1,3,44,22,1,2,4,0,0,3274
2107,2,1,1,179,125,2,7,8,1,1,3451
2108,3,1,24,39,47,3,5,4,0,0,3276
2109,2,0,89,968,19,1,5,12,1,0,3540
2110,2,1,48,253,64,6,8,7,0,0,3282
2111,4,0,31,133,124,1,7,13,0,1,3445
2112,2,1,68,9,2,2,1,3,0,0,2934
2113,3,1,46,17,64,1,2,2,0,0,3130
2114,3,1,92,180,43,5,7,6,0,0,3230
2115,3,1,80,152,57,2,6,10,0,0,3097
2116,0,0,16,5,17,2,2,3,0,0,3197
2117,4,1,50,174,20,2,6,11,0,0,3049
2118,3,0,93,450,154,1,3,8,0,0,3335
2119,2,0,51,8,9,1,0,2,0,0,3509
2120,3,0,24,56,5,2,3,4,0,0,3545
2121,0,1,79,4,5,1,1,2,0,0,3213
2122,2,1,26,11,16,3,3,4,0,0,3558
2123,0,1,86,98,229,4,5,12,0,0,3585
2124,2,1,68,10,2,2,1,4,0,1,2899
2125,2,0,98,414,76,1,5,12,0,3,3158
2126,2,1,34,107,117,2,7,8,0,0,3221
2127,4,0,60,359,17,1,4,10,1,0,3346
2128,4,0,3,292,12,4,8,7,1,0,3554
2129,2,1,65,2,2,1,1,2,0,0,3128
2130,2,0,83,14,2,1,1,3,0,0,3323
2131,3,0,64,883,0,1,5,8,1,1,3365
2132,4,0,85,2,1,0,0,0,0,0,3194
2133,1,0,69,2,47,3,2,2,0,0,3574
2135,2,1,21,61,11,1,8,4,0,0,2974
2136,2,1,30,50,37,5,3,3,0,1,3160
2137,2,0,39,6,9,1,1,2,0,0,2939
2138,3,1,76,48,5,1,2,5,0,0,3010
2139,3,1,11,37,64,4,3,2,1,0,3582
2140,2,0,26,9,2,1,1,3,0,0,3040
2141,2,1,34,11,4,2,2,3,0,0,3047
2142,2,1,72,12,27,5,2,4,0,0,3403
2143,2,0,13,11,25,1,2,4,0,0,3011
2144,2,1,58,92,30,7,9,8,0,1,3053
2145,2,0,12,170,97,1,11,4,1,0,3108
2146,4,0,23,8,4,1,2,2,0,0,2986
2147,3,2,33,22,9,4,3,3,0,0,2987
2148,4,1,30,114,5,4,4,7,0,0,3248
2149,4,1,15,13,0,2,1,4,0,0,3150
2150,3,1,25,16,1,2,2,3,0,0,3086
2151,2,0,4,849,128,2,5,6,0,1,3540
2152,2,0,80,11,16,4,3,3,0,0,3042
2153,2,1,30,50,37,5,3,3,0,1,3160
2154,3,0,6,5,7,1,1,3,0,0,3257
2155,0,0,16,23,3,2,2,4,0,0,2938
2156,0,1,57,44,25,5,3,4,0,0,2951
2157,3,1,9,7,2,1,1,3,0,0,3048
2158,4,1,59,115,7,2,7,9,0,1,2999
2159,2,1,78,89,5,1,4,6,0,0,3045
2160,4,1,90,399,153,3,9,4,1,0,3516
2161,2,0,74,48,12,1,6,4,0,0,3007
2162,2,1,10,111,19,6,5,8,0,0,3222
2163,0,0,63,614,73,1,6,11,0,1,3281
2164,1,0,13,3,13,2,1,3,0,0,3134
2165,4,0,98,20,7,2,2,3,0,0,3260
2166,2,1,4,300,150,3,5,8,0,0,3390
2167,3,0,94,818,56,0,4,7,1,4,3349
2168,2,0,91,133,241,1,4,5,0,2,3078
2169,2,1,66,10,15,1,1,3,0,0,3108
2170,2,1,14,32,21,1,9,7,0,1,3006
2171,0,0,77,129,129,1,11,12,1,3,3256
2172,2,1,41,155,54,2,6,11,0,0,3053
2173,2,1,21,286,248,3,6,5,0,0,3225
2174,2,1,25,70,28,2,9,8,0,2,3001
2175,4,0,2,518,129,1,5,7,1,1,3424
2176,3,0,51,689,103,1,4,10,0,0,3444
2178,2,1,32,44,227,2,7,3,0,1,3428
2179,2,1,84,82,41,2,3,6,0,0,3138
2180,2,0,49,18,12,3,3,3,0,0,3127
2181,4,1,69,21,5,4,8,7,0,1,3369
2182,2,0,96,11,35,1,1,4,0,0,2957
2183,1,0,23,10,23,3,2,3,0,0,3295
2184,0,1,18,9,0,1,1,3,0,0,2993
2185,2,1,8,217,56,4,7,13,0,1,3425
2186,3,1,21,167,41,1,8,11,0,1,3033
2187,4,0,60,749,26,1,7,6,0,0,2939
2188,3,0,48,500,163,3,3,6,0,0,3060
2189,1,0,36,12,8,2,1,3,0,0,2995
2190,3,0,36,655,15,1,7,12,1,0,3379
2191,2,1,63,7,24,1,1,2,0,0,3383
2192,2,0,2,2,0,1,0,3,0,0,3586
2193,0,0,38,845,63,1,7,10,1,2,3490
2194,2,1,61,363,174,2,9,6,1,1,3587
2195,3,1,52,13,4,4,3,3,0,0,3354
2196,2,0,25,48,18,1,3,4,0,0,2959
2197,2,1,63,124,106,2,6,3,0,1,3202
2198,2,1,10,38,152,7,5,4,1,1,3266
2199,2,1,65,16,3,4,3,3,0,0,2893
2200,1,0,71,16,45,2,2,2,0,0,3218
2201,2,1,0,300,44,4,8,6,0,0,3473
2203,2,1,88,156,54,2,5,11,0,0,3433
2204,2,0,15,8,18,1,1,4,0,0,3388
2205,2,1,80,23,18,6,3,5,0,0,3512
2206,2,1,17,495,29,4,9,4,0,0,3577
2207,2,1,76,10,3,4,2,3,0,1,2988
2208,1,1,52,3,15,1,1,3,0,0,3459
2209,2,1,28,5,15,2,1,2,0,0,3239
2210,0,1,31,131,27,6,8,7,0,0,3391
2211,2,0,42,860,53,1,6,9,0,0,3034
2212,3,1,24,17,0,2,2,3,0,0,2949
2213,0,0,42,631,32,1,4,8,0,0,3515
2214,2,1,12,7,5,0,1,0,0,0,3224
2215,2,1,88,5,5,1,1,2,0,0,3446
2216,2,0,67,19,6,2,2,3,0,0,3355
2217,4,0,54,377,57,0,4,7,0,0,2975
2218,2,0,40,8,1,1,1,2,0,0,3265
2219,3,0,73,129,62,4,6,6,0,0,3513
2220,2,1,81,88,22,3,3,10,0,0,3105
2221,3,0,12,538,80,1,3,11,1,1,3250
2222,0,0,7,11,21,4,3,2,0,0,3308
2223,3,2,33,12,3,3,2,4,0,0,2894
2224,4,1,24,58,27,3,7,6,0,1,3061
2225,2,1,55,68,88,6,8,6,0,0,3531
2226,2,1,87,106,53,8,11,6,0,0,3352
2227,2,1,39,137,91,5,4,8,0,0,3373
2229,2,0,9,8,17,2,2,2,0,0,2932
2230,2,0,82,26,23,3,3,2,0,1,3360
2231,3,0,71,143,20,2,9,12,0,0,3567
2232,2,0,50,6,3,1,0,3,0,0,3571
2233,2,0,23,18,12,4,3,3,0,0,3282
2234,2,0,81,7,9,1,1,2,0,0,3253
2235,2,1,46,182,247,2,9,4,0,0,3271
2236,4,1,56,30,8,7,8,5,0,1,2909
2237,2,0,91,217,24,1,2,13,0,1,3045
2238,3,1,8,214,61,2,6,10,0,0,3046
2239,4,1,40,61,21,3,3,4,1,0,3512
